ID	Review	PositiveScore	NegativeScore	NeutralScore	EntityList	Trending Topics length	Trending Topics
756431540075106308	dlvr -  Manager Karanka backs Negredo to find form at Middlesbrough https://t.co/hqlXcn08MX	0.0	0.0	0.0	["middlesbrough","form","negredo","manager karanka"]	0	[]
756431541782196224	dlvr -  Five on Friday: Why you should watch Boo Junfeng’s prison film Apprentice https://t.co/6G4zrIJhen	0.0	1.0	0.0	["boo junfeng","friday","prison film apprentice"]	0	[]
756431543992655872	Apple to open first Apple Store in Taiwan https://t.co/OLy1RJl1at	0.0	0.0	0.0	["apple","taiwan","apple store"]	0	[]
756431546169434113	Manager Karanka backs Negredo to find form at Middlesbrough https://t.co/Ylbc6nePVH	0.0	0.0	0.0	["middlesbrough","form","negredo","manager karanka"]	0	[]
756431548061065216	Five on Friday: Why you should watch Boo Junfeng’s prison film Apprentice https://t.co/4iqAv4vPc9	0.0	1.0	0.0	["boo junfeng","friday","prison film apprentice"]	0	[]
756431864609574912	Manager Karanka backs Negredo to find form at Middlesbrough https://t.co/UbvgJ6qRQT	0.0	0.0	0.0	["middlesbrough","form","negredo","manager karanka"]	0	[]
756431987703853056	[CNA] Long queues at Michelin-starred hawker stalls: The owner of one of the stalls - Hong Kong Soya Sauce Ch... https://t.co/UoBrFC0LhX	0.0	0.0	0.0	["owner","hong kong soya sauce ch"," cna ","hawker","stalls"]	0	[]
756431988538482688	[CNA] Commuters may need to wait to experience the benefits of SMRT privatisation: Analysts: Analysts say tha... https://t.co/XNHYzNSYmo	0.0	1.0	0.0	["benefits","analysts","wait","tha"," cna  commuters","smrt privatisation"]	0	[]
756431998277648384	[News] Long queues at Michelin-starred hawker stalls https://t.co/cD3E9q40F9	0.0	0.0	0.0	[" news ","hawker"]	0	[]
756431999007469568	[News] Commuters may need to wait to experience the benefits of SMRT privatisation: Analysts https://t.co/kd7mkAPypJ	0.0	1.0	0.0	["benefits","wait"," news  commuters","smrt privatisation"]	0	[]
756432014278930432	DTN Singapore: Long queues at Michelin-starred hawker stalls: The owner of one of the stalls - Hong Kong Soya... https://t.co/3YbKWqztu0	0.0	0.0	0.0	["hong kong soya","queues","dtn singapore","hawker","stalls"]	0	[]
756432015004545024	DTN Singapore: Commuters may need to wait to experience the benefits of SMRT privatisation: Analysts: Analyst... https://t.co/aMNxujItDn	0.0	1.0	0.0	["benefits","wait","dtn singapore","commuters","smrt privatisation"]	0	[]
756432020360671233	DTN Singapore: Long queues at Michelin-starred hawker stalls: The owner of one of the stalls - Hong Kong Soya... https://t.co/Km1em2AVLS	0.0	0.0	0.0	["hong kong soya","queues","dtn singapore","hawker","stalls"]	0	[]
756432021442797568	DTN Singapore: Commuters may need to wait to experience the benefits of SMRT privatisation: Analysts: Analyst... https://t.co/3LNQvkY03L	0.0	1.0	0.0	["benefits","wait","dtn singapore","commuters","smrt privatisation"]	0	[]
756432023028244480	NewsInSG: Commuters may need to wait to experience the benefits of SMRT privatisation: Analysts: A... https://t.co/rw3TYDAhQQ #Singapore	0.0	1.0	0.0	["benefits","newsinsg","singapore","wait","commuters","smrt privatisation"]	0	[]
756432025247027200	Commuters may need to wait to experience the benefits of SMRT privatisation: Analysts: Analysts say that with... https://t.co/o1GB8KR9tZ	0.0	1.0	0.0	["benefits","analysts","wait","commuters","smrt privatisation"]	0	[]
756432026908012544	Commuters may need to wait to experience the benefits of SMRT privatisation: Analysts: Analysts say that with... https://t.co/zTXHDcugbh	0.0	1.0	0.0	["benefits","analysts","wait","commuters","smrt privatisation"]	0	[]
756432047267119104	Long queues at Michelin-starred hawker stalls https://t.co/AhUzzVcOqL	0.0	0.0	0.0	["queues","hawker"]	0	[]
756432050031300608	ChannelNewsAsia: FIVE ON FRIDAY: Why GenevieveLohCNA thinks you should watch Boo Junfeng’s Apprentice … https://t.co/kg4BtJARnQ	0.0	0.0	0.0	["genevievelohcna","boo junfeng","channelnewsasia","friday","apprentice"]	0	[]
756432054552670208	Commuters may need to wait to experience the benefits of SMRT privatisation: Analysts https://t.co/ueoI3ANcWe	0.0	1.0	0.0	["benefits","wait","commuters","smrt privatisation"]	0	[]
756432108990496768	RT @ChannelNewsAsia: FIVE ON FRIDAY: Why @GenevieveLohCNA thinks you should watch Boo Junfeng’s Apprentice https://t.co/YKPvEh1bIg https://…	0.0	0.0	0.0	["boo junfeng","friday","apprentice"]	0	[]
756432198924926976	Manager Karanka backs Negredo to find form at Middlesbrough https://t.co/lVEwnrUbVu	0.0	0.0	0.0	["middlesbrough","form","negredo","manager karanka"]	0	[]
756432494786932737	RT @GandhiJump: https://t.co/7h0gkvkdFP are #japan trying to hide dolphin slaughter by arresting activists? #OpKillingBay	0.0	0.0	0.0	["dolphin slaug"]	0	[]
756432528425103360	Happy for these hawkers, but there are many more great hawkers to support out there. https://t.co/356XWIYeps	0.0	0.0	0.0	["hawkers","happy","support"]	0	[]
756432810525728772	CNA: Five on Friday: Why you should watch Boo Junfeng’s prison film Apprentice https://t.co/4PuuqJQseJ	0.0	1.0	0.0	["boo junfeng","cna","friday","prison film apprentice"]	0	[]
756432838321377280	RT @ASEANstudies: "The failure of the ASEAN Foreign Ministers to issue the joint statement is symptomatic of ASEAN’s outmoded... https://t.…	0.0	1.0	0.0	["failure","statement","asean","asean foreign ministers"]	0	[]
756433118362501120	HDB resale prices remain unchanged in Q2, transactions on up - Channel NewsAsia https://t.co/08wd4iBc5t	0.0	0.0	1.0	["hdb resale prices","unchanged","transactions","channel newsasia"]	0	[]
756433127573041152	JUST IN: Singapore's Ministry of Communications and Information bans publication and distribution of ISIS-linked Al Fatihin newspaper	0.0	0.0	1.0	["al fatihin newspaper","communications information bans","ministry"]	0	[]
756433139287732224	Do we even dare expect lower fares? Higher taxes maybe ... https://t.co/Lus2ncX5FO	0.0	0.0	0.0	["taxes","fares"]	0	[]
756433327326896128	Computer_ID: Apple to open first Apple Store in Taiwan - Channel NewsAsia https://t.co/rzkUlZBWNZ #AppleNews #computer #pc #Apple #iPhone …	0.0	0.0	0.0	["computer_id","pc apple computer iphone","apple","taiwan","apple store","channel newsasia"]	0	[]
756433826499268608	Go watch @witheringtravis 's mastery now! You won't be disappointed with #Apprentice https://t.co/nhEetEiR5F	0.0	0.0	0.0	["apprentice","mastery"]	0	[]
756433830915956737	“ISIS’ intention to use the newspaper, Al Fatihin, to spread extremist ideology in the region is deplorable": Dr @YaacobIbrahim	0.0	1.0	0.0	["newspaper","al fatihin","region","extremist ideology","intention"]	0	[]
756433865477017600	Rosberg signs two-year extension at Mercedes https://t.co/3CLtyzLccj	0.0	0.0	0.0	["mercedes","rosberg signs extension"]	0	[]
756433867251130368	Indian air force plane goes missing with 29 on board https://t.co/AovNsddqRe	0.0	1.0	0.0	["missing","board","indian air force plane"]	0	[]
756433868769472512	Five on Friday: Why you should watch Boo Junfeng’s prison film Apprentice https://t.co/mYxhxlzLbU	0.0	1.0	0.0	["boo junfeng","friday","prison film apprentice"]	0	[]
756433870455648257	Manager Karanka backs Negredo to find form at Middlesbrough https://t.co/wphFxrJ4R6	0.0	0.0	0.0	["middlesbrough","form","negredo","manager karanka"]	0	[]
756433872104009728	CAS ruling limits room for 'legal manoeuvring' to defend Russian athletes - Kremlin https://t.co/q4l1Tu1XVb	0.0	1.0	0.0	["russian athletes","legal manoeuvring","cas limits room"]	0	[]
756433873727135744	EU refers Greece to court over failure to recover shipyards state aid https://t.co/QZva143s57	0.5	0.0	0.5	["eu","shipyards","greece","failure","state aid","court"]	0	[]
756434017856000000	Tbh.. its damn good https://t.co/yRu1hb06a9	0.0	0.0	0.0	["tbh","good"]	0	[]
756434104791494656	Manager Karanka backs Negredo to find form at Middlesbrough https://t.co/Z5wKI2uBCg	0.0	0.0	0.0	["middlesbrough","form","negredo","manager karanka"]	0	[]
756434218486407168	#Qatar Five on Friday: Why you should watch Boo Junfeng’s prison film Apprentice: It took Boo 5 years to make... https://t.co/vXlbmjMsLu	0.0	1.0	0.0	["boo junfeng","boo","qatar","friday","prison film apprentice"]	0	[]
756434272307781633	RT @GandhiJump: https://t.co/7h0gkvkdFP are #japan trying to hide dolphin slaughter by arresting activists? #OpKillingBay	0.0	0.0	0.0	["dolphin slaug"]	0	[]
756434677209112578	Two Singapore hawker stalls awarded Michelin star https://t.co/tbqdEmL5m1	0.0	0.0	0.0	["singapore hawker","michelin star"]	0	[]
756434737552433152	Extremism has no place in Singapore. We take a very strong stance against terrorist propaganda: Dr @YaacobIbrahim	0.0	1.0	0.0	["extremism","terrorist propaganda","singapore","place","stance"]	0	[]
756434850505109504	We have never asked to be part of this narrative... https://t.co/lphSQsBjZo	0.0	0.0	0.0	["part","narrative"]	0	[]
756434941760512001	can't wait for the teasing https://t.co/ltI6RMymPz	0.0	0.0	0.0	[]	0	[]
756435275409088512	RT @SumishaCNA: JUST IN: Malaysian Anti-Corruption Commission confirms it's working with @FBI on @TheJusticeDept #1MDB investigations	0.0	0.0	0.0	["investigations","commission"]	0	[]
756435340596948992	RT @SumishaCNA: But MACC says its cooperation with @FBI is focused on possible fraud & money laundering by a businessman thought to have co…	0.0	1.0	0.0	["possible fraud","macc","money laundering","businessman","cooperation"]	0	[]
756435579995361281	CAS ruling limits room for 'legal manoeuvring' to defend Russian athletes - Kremlin https://t.co/iKelnPKVvd	0.0	1.0	0.0	["russian athletes","legal manoeuvring","cas limits room"]	0	[]
756435582365171712	EU refers Greece to court over failure to recover shipyards state aid https://t.co/6D2pASyjR2	0.5	0.0	0.5	["eu","shipyards","greece","failure","state aid","court"]	0	[]
756435583543676928	Rashid ignored, England bat against Pakistan at Old Trafford https://t.co/X0AWxm4fzS	0.0	0.0	0.0	["old trafford","pakistan","rashid","england bat"]	0	[]
756435784928993284	ChannelNewsAsia: JUST IN: Singapore's Ministry of Communications and Information bans publication and distribution of ISIS-linked Al Fatihi…	0.0	0.0	1.0	["channelnewsasia","al fatihi","communications information bans","ministry"]	0	[]
756435786942320640	ChannelNewsAsia: “ISIS’ intention to use the newspaper, Al Fatihin, to spread extremist ideology in the region is deplorable": Dr YaacobIbr…	0.0	1.0	0.0	["newspaper","dr yaacobibr","channelnewsasia","al fatihin","region","extremist ideology","intention"]	0	[]
756435789135880192	ChannelNewsAsia: "Extremism has no place in Singapore. We take a very strong stance against terrorist propaganda": Dr YaacobIbrahim	0.0	1.0	0.0	["extremism","terrorist propaganda","singapore","channelnewsasia","dr yaacobibrahim","place","stance"]	0	[]
756435790977261568	ChannelNewsAsia: RT SumishaCNA: JUST IN: Malaysian Anti-Corruption Commission confirms it's working with FBI on TheJusticeDept #1MDB invest…	0.0	1.0	0.0	[" 1mdb","rt sumishacna","channelnewsasia","thejusticedept","just commission","fbi"]	0	[]
756435793497980928	ChannelNewsAsia: RT SumishaCNA: But MACC says its cooperation with FBI is focused on possible fraud & money laundering by a businessman tho…	0.0	0.66	0.33	["possible fraud","rt sumishacna","channelnewsasia","businessman tho","macc","money laundering","fbi","cooperation"]	0	[]
756435830776795138	#world #singapore Fears for peace deal as fighting flares in Mali's desert north: Tuareg rebels battled... https://t.co/p1eQ2jPr4s #news	0.0	0.0	0.0	["singapore fears","fig","peace deal"]	0	[]
756435943616344066	CAS ruling limits room for 'legal manoeuvring' to defend Russian athletes - Kremlin https://t.co/wzx9xSNTF5	0.0	1.0	0.0	["russian athletes","legal manoeuvring","cas limits room"]	0	[]
756435945654718465	EU refers Greece to court over failure to recover shipyards state aid https://t.co/7NtDHy6qXi	0.5	0.0	0.5	["eu","shipyards","greece","failure","state aid","court"]	0	[]
756435947164667904	Rashid ignored, England bat against Pakistan at Old Trafford https://t.co/iIOHXGoRHP	0.0	0.0	0.0	["old trafford","pakistan","rashid","england bat"]	0	[]
756436330024808448	IEF views on market developments https://t.co/MsyCXGYruz	0.0	0.0	0.0	["market developments","ief views"]	0	[]
756436436748898305	https://t.co/WtUOtAfrbi HomeTeamNS offers free gym access to members affected by California Fitness closure	0.0	0.0	0.0	["hometeamns","members","california fitness closure","gym access"]	0	[]
756436654395568129	Argentina eye Pochettino, Simeone to fill coach void https://t.co/frQMUvyCGP https://t.co/PgpzX2jb4L	0.0	0.0	1.0	["simeone","coach void","argentina eye pochettino"]	0	[]
756436686263898114	RT @GenevieveLohCNA: Go watch @witheringtravis 's mastery now! You won't be disappointed with #Apprentice https://t.co/nhEetEiR5F	0.0	0.0	0.0	["apprentice","mastery"]	0	[]
756436787657056256	I like this...extremism and terrorism have no place on Earth...:) https://t.co/CEP3RmmNC2	0.0	1.0	0.0	["extremism","terrorism","earth","place"]	0	[]
756436893374439424	RT @MelGohCNA: White House calls for Malaysian transparency in wake of 1MDB scandal - Channel NewsAsia https://t.co/sFnRdwGsdz	0.0	0.0	0.0	["wake","1mdb scandal","white house","transparency","channel newsasia"]	0	[]
756436917407719424	Russia's athletics ban has saved the Games, says Campbell: REUTERS: The decision to ban Russia's track and fi... https://t.co/3uQLdJlEig	0.0	0.0	1.0	["athletics ban","fi","decision","games","track","campbell"]	0	[]
756437214544953345	EU refers Greece to court over failure to recover shipyards state aid https://t.co/R21emy5En5	0.5	0.0	0.5	["eu","shipyards","greece","failure","state aid","court"]	0	[]
756437215572615168	Rosberg signs two-year extension at Mercedes https://t.co/DEN3pNDHwx	0.0	0.0	0.0	["mercedes","rosberg signs extension"]	0	[]
756437218063941632	CAS ruling limits room for 'legal manoeuvring' to defend Russian athletes - Kremlin https://t.co/SNvhIOXwYy	0.0	1.0	0.0	["russian athletes","legal manoeuvring","cas limits room"]	0	[]
756437219309654016	Rashid ignored, England bat against Pakistan at Old Trafford https://t.co/cgXiKLCFB0	0.0	0.0	0.0	["old trafford","pakistan","rashid","england bat"]	0	[]
756437855468068865	Those caught possessing, distributing IS-linked Al Fatihin paper in S'pore risk jail/fine https://t.co/818PSvJhBd https://t.co/tHfsfKZZdq	0.0	0.0	0.0	["caug"]	0	[]
756437896119201793	RT @JeremyKohCNA: I'll have reactions from family members in #Beijing https://t.co/7svrfPSYCI	0.0	0.0	0.0	["family members","reactions","beijing"]	0	[]
756437909918523392	NEWS: EU refers Greece to court over failure to recover shipyards state aid https://t.co/8kvPurXgDm https://t.co/ZEHgndtNXQ	0.5	0.5	0.0	["eu","news","shipyards","greece","failure","state aid","court"]	0	[]
756437917581479936	NEWS: Rashid ignored, England bat against Pakistan at Old Trafford https://t.co/1k9AVzT0aO https://t.co/8j2FaubDCD	0.0	0.0	0.0	["news","old trafford","pakistan","rashid","england bat"]	0	[]
756437922249740288	CAS ruling limits room for 'legal manoeuvring' to defend Russian athletes - Kremlin https://t.co/Di0yJH0wbd	0.0	1.0	0.0	["russian athletes","legal manoeuvring","cas limits room"]	0	[]
756437924569227264	RT @SteveLaiCNA: We'll also have @ToniWatermanCNA asking @MichiyoCNA how many Pokemon she has caught. It's gone LIVE in Japan!!! https://t.…	0.0	0.0	0.0	["pokemon","caug"]	0	[]
756437924904775680	EU refers Greece to court over failure to recover shipyards state aid https://t.co/AcGPFzrBzC	0.5	0.0	0.5	["eu","shipyards","greece","failure","state aid","court"]	0	[]
756437927287099392	Rashid ignored, England bat against Pakistan at Old Trafford https://t.co/iFSFx8YLak	0.0	0.0	0.0	["old trafford","pakistan","rashid","england bat"]	0	[]
756437928864194561	IS-linked newspaper Al Fatihin to be prohibited in Singapore https://t.co/Qbxj7WbwBV https://t.co/5KTEA5fYAU	0.0	0.0	0.0	["newspaper al fatihin","singapore"]	0	[]
756437934673391616	IS-linked newspaper Al Fatihin to be prohibited in Singapore https://t.co/pcO639HO3u https://t.co/U74ttXL29J	0.0	0.0	0.0	["newspaper al fatihin","singapore"]	0	[]
756437954915074048	CAS ruling limits room for 'legal manoeuvring' to defend Russian athletes - Kremlin https://t.co/pAgrc5ovMR	0.0	1.0	0.0	["russian athletes","legal manoeuvring","cas limits room"]	0	[]
756437957909868544	EU refers Greece to court over failure to recover shipyards state aid https://t.co/oUeqN8gDwN	0.5	0.0	0.5	["eu","shipyards","greece","failure","state aid","court"]	0	[]
756437960250232832	Rashid ignored, England bat against Pakistan at Old Trafford https://t.co/J3OsyhPU4l	0.0	0.0	0.0	["old trafford","pakistan","rashid","england bat"]	0	[]
756438126730448900	RT @ChannelNewsAsia: FIVE ON FRIDAY: Why @GenevieveLohCNA thinks you should watch Boo Junfeng’s Apprentice https://t.co/YKPvEh1bIg https://…	0.0	0.0	0.0	["boo junfeng","friday","apprentice"]	0	[]
756438154513489920	RT @ChannelNewsAsia: Those caught possessing, distributing IS-linked Al Fatihin paper in S'pore risk jail/fine https://t.co/818PSvJhBd http…	0.0	0.0	0.0	[]	0	[]
756438221664518144	70 #whales corpses discovered in #Chile  https://t.co/hzd4Siyzpu #animals #oceans #sea https://t.co/lgYYH98X9r	0.0	0.0	0.0	["whales corpses","animals","sea"]	0	[]
756438221907787776	IS-linked newspaper Al Fatihin to be prohibited in Singapore https://t.co/xGjgOd3jen	0.0	0.0	0.0	["newspaper al fatihin","singapore"]	0	[]
756438246335193089	#singapore #news UK economy wilting fast after Brexit vote, as PMI shows record drop: Britain's eco... https://t.co/dlOIFqZegy #business	1.0	0.0	0.0	["drop","singapore news uk economy","business","vote","pmi"]	0	[]
756438250135232512	RT @SumishaCNA: BREAKING: @ChannelNewsAsia understands ministers have decided to suspend -not end- search for #MH370 upon completion of 120…	0.0	0.0	0.0	["suspend","completion","ministers"]	0	[]
756438290367062018	RT @SumishaCNA: Malaysia "should be conspicuous about making clear that they're committed to transparency and good governance" #1MDB https:…	0.0	0.0	0.0	["committed","transparency","malaysia","governance"]	0	[]
756438497192357893	RT @ChannelNewsAsia: Those caught possessing, distributing IS-linked Al Fatihin paper in S'pore risk jail/fine https://t.co/818PSvJhBd http…	0.0	0.0	0.0	[]	0	[]
756438779032801281	RT @ChannelNewsAsia: Hawkers in Singapore taste #MichelinStar fame https://t.co/bxMoARecjr #michelinguidesg https://t.co/2wVyrMA9Tc	0.0	0.0	0.0	["singapore","hawkers","fame michelinguidesg"]	0	[]
756438842991845377	Now in Asia: Indian air force plane goes missing with 29 on board https://t.co/F34DlCkW2z	0.0	1.0	0.0	["asia","missing","board","indian air force plane"]	0	[]
756438844166189056	Best. ?? https://t.co/dk2e8w26ID	0.0	0.0	0.0	[]	0	[]
756438901149962241	RT @ChannelNewsAsia: Those caught possessing, distributing IS-linked Al Fatihin paper in S'pore risk jail/fine https://t.co/818PSvJhBd http…	0.0	0.0	0.0	[]	0	[]
756439154037170178	RT @ChannelNewsAsia: Those caught possessing, distributing IS-linked Al Fatihin paper in S'pore risk jail/fine https://t.co/818PSvJhBd http…	0.0	0.0	0.0	[]	0	[]
756439389698400256	Just Happened in Asia: Indian air force plane goes missing with 29 on board https://t.co/F34DlCkW2z	0.0	1.0	0.0	["asia","missing","board","indian air force plane"]	0	[]
756439392470917121	Just Happened in Asia:  Japanese operators confident of winning bid to develop Singapore-Malaysia HSR  https://t.co/G6pMBSkGDx	0.0	0.0	0.0	["operators","hsr","asia","bid"]	0	[]
756439398758002689	By George, Britain's little prince is 3! https://t.co/0DDDv6xLyW (??: @KensingtonRoyal) https://t.co/q2hGv19XBd	0.0	0.0	0.0	["george","prince"]	0	[]
756439467259531264	Exclusive - Top Obama aide to take call for South China Sea calm to Beijing https://t.co/IPDUphbEnD	0.0	0.0	0.0	["call","south china sea calm","beijing","obama aide"]	0	[]
756439469662887936	Argentina eye Pochettino, Simeone to fill coach void https://t.co/LCsvlnFsI5	0.0	0.0	1.0	["simeone","coach void","argentina eye pochettino"]	0	[]
756439471097319424	Russia's athletics ban has saved the Games, says Campbell https://t.co/1ykGVAjZ6k	0.0	1.0	0.0	["athletics ban","games","campbell"]	0	[]
756439472632426496	IS-linked newspaper Al Fatihin to be prohibited in Singapore https://t.co/g2nE6lgKBQ	0.0	0.0	0.0	["newspaper al fatihin","singapore"]	0	[]
756439474205327360	Japanese operators confident of winning bid to develop Singapore-Malaysia HSR  https://t.co/6BDFE35516	0.0	0.0	0.0	["operators","hsr","bid"]	0	[]
756439476025585664	Hamilton tops opening practise for Hungarian Grand Prix https://t.co/Z0TblxXXDQ	0.0	0.0	0.0	["practice","prix","hamilton"]	0	[]
756439477569150977	America's Cup crews test British sea power on home waters https://t.co/nx5lf4D3f1	0.0	0.0	1.0	["test sea power","home waters","cup crews test"]	0	[]
756439479280369665	By George, Britain's little prince is 3! https://t.co/9n3yN5i58G	0.0	0.0	0.0	["george","prince"]	0	[]
756439553305567232	dlvr -  EU refers Greece to court over failure to recover shipyards state aid https://t.co/p08sR1LIjJ	0.5	0.5	0.0	["eu","shipyards","greece","failure","state aid","dlvr","court"]	0	[]
756439554534498305	IS-linked newspaper Al Fatihin to be prohibited in Singapore https://t.co/bAdx1o95oJ	0.0	0.0	0.0	["newspaper al fatihin","singapore"]	0	[]
756439557151739904	By George, Britain's little prince is 3! https://t.co/V6Rk1ppQpW	0.0	0.0	0.0	["george","prince"]	0	[]
756439557495676928	dlvr -  Rashid ignored, England bat against Pakistan at Old Trafford https://t.co/HKRaOWntSD	0.0	0.0	0.0	["old trafford","pakistan","rashid","england bat"]	0	[]
756439561970999296	dlvr -  Exclusive - Top Obama aide to take call for South China Sea calm to Beijing https://t.co/ssxIYbbepu	0.0	0.0	0.0	["call","south china sea calm","beijing","dlvr","obama aide"]	0	[]
756439568077828096	dlvr -  Argentina eye Pochettino, Simeone to fill coach void https://t.co/IaCqxQkVmk	0.0	0.0	1.0	["simeone","coach void","dlvr","argentina eye pochettino"]	0	[]
756439570770636800	dlvr -  Russia's athletics ban has saved the Games, says Campbell https://t.co/ebu6osV25X	0.0	1.0	0.0	["athletics ban","games","dlvr","campbell"]	0	[]
756439573052260352	dlvr -  Hamilton tops opening practise for Hungarian Grand Prix https://t.co/wwAH7R3zkc	0.0	0.0	0.0	["practice","prix","hamilton"]	0	[]
756439574906146816	dlvr -  America's Cup crews test British sea power on home waters https://t.co/H5aq34uOW3	0.0	0.0	1.0	["test sea power","home waters","cup crews test","dlvr"]	0	[]
756439577145901056	dlvr -  Japanese operators confident of winning bid to develop Singapore-Malaysia HSR https://t.co/Uhtt9LB59U	0.0	0.0	0.0	["operators","hsr","dlvr","bid"]	0	[]
756439578957914112	dlvr -  IS-linked newspaper Al Fatihin to be prohibited in Singapore https://t.co/RwSPnLg0Xu	0.0	0.0	0.0	["newspaper al fatihin","singapore","dlvr"]	0	[]
756439580597903361	dlvr -  By George, Britain's little prince is 3! https://t.co/XMkHRGsXtC	0.0	0.0	0.0	["george","prince"]	0	[]
756439639557365760	ChannelNewsAsia: Those caught possessing, distributing IS-linked Al Fatihin paper in S'pore risk jail/fine … https://t.co/obPoW8ZyeT	0.0	0.0	0.0	["channelnewsasia"]	0	[]
756439640513519616	RT @ChannelNewsAsia: By George, Britain's little prince is 3! https://t.co/0DDDv6xLyW (??: @KensingtonRoyal) https://t.co/q2hGv19XBd	0.0	0.0	0.0	["george","prince"]	0	[]
756439643760058368	ChannelNewsAsia: By George, Britain's little prince is 3! https://t.co/YcERqbrpaJ (??: KensingtonRoyal) https://t.co/5m3EkJxZfO	0.0	0.0	0.0	["channelnewsasia","kensingtonroyal ","george","prince"]	0	[]
756439664521650176	RT @ChannelNewsAsia: By George, Britain's little prince is 3! https://t.co/0DDDv6xLyW (??: @KensingtonRoyal) https://t.co/q2hGv19XBd	0.0	0.0	0.0	["george","prince"]	0	[]
756439698130608129	RT @ChannelNewsAsia: By George, Britain's little prince is 3! https://t.co/0DDDv6xLyW (??: @KensingtonRoyal) https://t.co/q2hGv19XBd	0.0	0.0	0.0	["george","prince"]	0	[]
756439736701612032	Exclusive - Top Obama aide to take call for South China Sea calm to Beijing https://t.co/th04fBfz5C	0.0	0.0	0.0	["call","south china sea calm","beijing","obama aide"]	0	[]
756439740967247872	Argentina eye Pochettino, Simeone to fill coach void https://t.co/Ud6DmWdT2H	0.0	0.0	1.0	["simeone","coach void","argentina eye pochettino"]	0	[]
756439743391494144	Russia's athletics ban has saved the Games, says Campbell https://t.co/I25MJ3VDDf	0.0	1.0	0.0	["athletics ban","games","campbell"]	0	[]
756439745350205441	IS-linked newspaper Al Fatihin to be prohibited in Singapore https://t.co/pK4wA9f54z	0.0	0.0	0.0	["newspaper al fatihin","singapore"]	0	[]
756439747883655168	Japanese operators confident of winning bid to develop Singapore-Malaysia HSR  https://t.co/HH623LS519	0.0	0.0	0.0	["operators","hsr","bid"]	0	[]
756439750463131650	Hamilton tops opening practise for Hungarian Grand Prix https://t.co/AYimFVOyug	0.0	0.0	0.0	["practice","prix","hamilton"]	0	[]
756439753122283520	America's Cup crews test British sea power on home waters https://t.co/74wv7mqKQT	0.0	0.0	1.0	["test sea power","home waters","cup crews test"]	0	[]
756439755110440960	By George, Britain's little prince is 3! https://t.co/26hCmhERdk	0.0	0.0	0.0	["george","prince"]	0	[]
756439833367764992	RT @ChannelNewsAsia: By George, Britain's little prince is 3! https://t.co/0DDDv6xLyW (??: @KensingtonRoyal) https://t.co/q2hGv19XBd	0.0	0.0	0.0	["george","prince"]	0	[]
756439835653451776	RT @ChannelNewsAsia: By George, Britain's little prince is 3! https://t.co/0DDDv6xLyW (??: @KensingtonRoyal) https://t.co/q2hGv19XBd	0.0	0.0	0.0	["george","prince"]	0	[]
756439940116787203	RT @ChannelNewsAsia: By George, Britain's little prince is 3! https://t.co/0DDDv6xLyW (??: @KensingtonRoyal) https://t.co/q2hGv19XBd	0.0	0.0	0.0	["george","prince"]	0	[]
756440028566347776	RT @ChannelNewsAsia: By George, Britain's little prince is 3! https://t.co/0DDDv6xLyW (??: @KensingtonRoyal) https://t.co/q2hGv19XBd	0.0	0.0	0.0	["george","prince"]	0	[]
756440044039057408	RT @ChannelNewsAsia: By George, Britain's little prince is 3! https://t.co/0DDDv6xLyW (??: @KensingtonRoyal) https://t.co/q2hGv19XBd	0.0	0.0	0.0	["george","prince"]	0	[]
756440113580683265	RT @ChannelNewsAsia: By George, Britain's little prince is 3! https://t.co/0DDDv6xLyW (??: @KensingtonRoyal) https://t.co/q2hGv19XBd	0.0	0.0	0.0	["george","prince"]	0	[]
756440147852353538	ASEAN kicks off first talks since #SouthChinaSea ruling https://t.co/YJTygfP4ZX https://t.co/5cg21yRJ8b	0.0	0.0	1.0	["talks","southchinasea ruling","asean"]	0	[]
756440151564296192	RT @ChannelNewsAsia: By George, Britain's little prince is 3! https://t.co/0DDDv6xLyW (??: @KensingtonRoyal) https://t.co/q2hGv19XBd	0.0	0.0	0.0	["george","prince"]	0	[]
756440382833950720	RT @ChannelNewsAsia: By George, Britain's little prince is 3! https://t.co/0DDDv6xLyW (??: @KensingtonRoyal) https://t.co/q2hGv19XBd	0.0	0.0	0.0	["george","prince"]	0	[]
756440451914223617	RT @ChannelNewsAsia: By George, Britain's little prince is 3! https://t.co/0DDDv6xLyW (??: @KensingtonRoyal) https://t.co/q2hGv19XBd	0.0	0.0	0.0	["george","prince"]	0	[]
756440469999976448	RT @SumishaCNA: Families of #MH370 passengers hope for search to be continued https://t.co/dVDZMmrXw6	0.0	0.0	0.0	["search","mh passengers","families"]	0	[]
756440580486406144	RT @ChannelNewsAsia: By George, Britain's little prince is 3! https://t.co/0DDDv6xLyW (??: @KensingtonRoyal) https://t.co/q2hGv19XBd	0.0	0.0	0.0	["george","prince"]	0	[]
756440675369955328	RT @ChannelNewsAsia: By George, Britain's little prince is 3! https://t.co/0DDDv6xLyW (??: @KensingtonRoyal) https://t.co/q2hGv19XBd	0.0	0.0	0.0	["george","prince"]	0	[]
756440858556116992	RT @ChannelNewsAsia: By George, Britain's little prince is 3! https://t.co/0DDDv6xLyW (??: @KensingtonRoyal) https://t.co/q2hGv19XBd	0.0	0.0	0.0	["george","prince"]	0	[]
756440966546935808	The future husband of my daughter ??. https://t.co/8Rhx0ts9Jg	0.0	0.0	0.0	["daug","husband"]	0	[]
756441043357360128	#Asia Indian air force plane goes missing with 29 on board https://t.co/H9Gz6HAYXI	0.0	1.0	0.0	["asia indian air force plane","missing","board"]	0	[]
756441045429317632	#Asia  Japanese operators confident of winning bid to develop Singapore-Malaysia HSR  https://t.co/AWKHLteyEX	0.0	0.0	0.0	["hsr","asia japanese operators","bid"]	0	[]
756441079990280192	RT @ChannelNewsAsia: By George, Britain's little prince is 3! https://t.co/0DDDv6xLyW (??: @KensingtonRoyal) https://t.co/q2hGv19XBd	0.0	0.0	0.0	["george","prince"]	0	[]
756441107320475648	Indian air force plane goes missing with 29 on board https://t.co/H8B5cLTnX0	0.0	1.0	0.0	["missing","board","indian air force plane"]	0	[]
756441111950979072	Japanese operators confident of winning bid to develop Singapore-Malaysia HSR  https://t.co/CrMnf4hCIx	0.0	0.0	0.0	["operators","hsr","bid"]	0	[]
756441139889053696	RT @ChannelNewsAsia: By George, Britain's little prince is 3! https://t.co/0DDDv6xLyW (??: @KensingtonRoyal) https://t.co/q2hGv19XBd	0.0	0.0	0.0	["george","prince"]	0	[]
756441141965357056	Exclusive - Top Obama aide to take call for South China Sea calm to Beijing https://t.co/D7npdcSZfZ	0.0	0.0	0.0	["call","south china sea calm","beijing","obama aide"]	0	[]
756441165126303744	Argentina eye Pochettino, Simeone to fill coach void https://t.co/bnvfDiHyHs	0.0	0.0	1.0	["simeone","coach void","argentina eye pochettino"]	0	[]
756441169576493056	Russia's athletics ban has saved the Games, says Campbell https://t.co/XJxdBVwx9z	0.0	1.0	0.0	["athletics ban","games","campbell"]	0	[]
756441173351432193	IS-linked newspaper Al Fatihin to be prohibited in Singapore https://t.co/e8Di10UkhS	0.0	0.0	0.0	["newspaper al fatihin","singapore"]	0	[]
756441179089145860	Hamilton tops opening practise for Hungarian Grand Prix https://t.co/kEcJdzuU51	0.0	0.0	0.0	["practice","prix","hamilton"]	0	[]
756441181165391872	America's Cup crews test British sea power on home waters https://t.co/EBNi9e0ji1	0.0	0.0	1.0	["test sea power","home waters","cup crews test"]	0	[]
756441183237312512	By George, Britain's little prince is 3! https://t.co/piy2CAKkgD	0.0	0.0	0.0	["george","prince"]	0	[]
756441200421249026	IndoChina:  IS-linked newspaper Al Fatihin to be prohibited in Singapore - Channel NewsAsia https://t.co/D01zEgcovC	0.0	0.0	0.0	["newspaper al fatihin","singapore","indochina","channel newsasia"]	0	[]
756441217559240704	RT @ChannelNewsAsia: By George, Britain's little prince is 3! https://t.co/0DDDv6xLyW (??: @KensingtonRoyal) https://t.co/q2hGv19XBd	0.0	0.0	0.0	["george","prince"]	0	[]
756441235854794753	Where can I get a copy? https://t.co/lbDDFGddX9	0.0	0.0	0.0	["copy"]	0	[]
756441254271909888	RT @ChannelNewsAsia: Hawkers in Singapore taste #MichelinStar fame https://t.co/bxMoARecjr #michelinguidesg https://t.co/2wVyrMA9Tc	0.0	0.0	0.0	["singapore","hawkers","fame michelinguidesg"]	0	[]
756441282571018240	#Volkswagen halt #Sales most #Vehicles #Southkorea amid: https://t.co/V2vftQZrG0, https://t.co/msBRM5Mu4Y https://t.co/tcPXZJNdjo	0.0	0.0	0.0	["southkorea","sales","volkswagen halt"]	0	[]
756441319896080384	RT @ChannelNewsAsia: FIVE ON FRIDAY: Why @GenevieveLohCNA thinks you should watch Boo Junfeng’s Apprentice https://t.co/YKPvEh1bIg https://…	0.0	0.0	0.0	["boo junfeng","friday","apprentice"]	0	[]
756441340930428928	RT @ChannelNewsAsia: By George, Britain's little prince is 3! https://t.co/0DDDv6xLyW (??: @KensingtonRoyal) https://t.co/q2hGv19XBd	0.0	0.0	0.0	["george","prince"]	0	[]
756441553778970624	Exclusive - Top Obama aide to take call for South China Sea calm to Beijing https://t.co/JlZRlqxYg5	0.0	0.0	0.0	["call","south china sea calm","beijing","obama aide"]	0	[]
756441555531988992	RT @ChannelNewsAsia: By George, Britain's little prince is 3! https://t.co/0DDDv6xLyW (??: @KensingtonRoyal) https://t.co/q2hGv19XBd	0.0	0.0	0.0	["george","prince"]	0	[]
756441556366794752	Argentina eye Pochettino, Simeone to fill coach void https://t.co/dUpkaYYaLu	0.0	0.0	1.0	["simeone","coach void","argentina eye pochettino"]	0	[]
756441558749151232	Russia's athletics ban has saved the Games, says Campbell https://t.co/ASIgTlzGl7	0.0	1.0	0.0	["athletics ban","games","campbell"]	0	[]
756441560636686336	IS-linked newspaper Al Fatihin to be prohibited in Singapore https://t.co/feaRWwfZi2	0.0	0.0	0.0	["newspaper al fatihin","singapore"]	0	[]
756441562238881792	Japanese operators confident of winning bid to develop Singapore-Malaysia HSR  https://t.co/cFqE8yqjKa	0.0	0.0	0.0	["operators","hsr","bid"]	0	[]
756441563811700737	Hamilton tops opening practise for Hungarian Grand Prix https://t.co/zpokzboeqr	0.0	0.0	0.0	["practice","prix","hamilton"]	0	[]
756441565225246720	America's Cup crews test British sea power on home waters https://t.co/XSrpIrwNbA	0.0	0.0	1.0	["test sea power","home waters","cup crews test"]	0	[]
756441567251030016	By George, Britain's little prince is 3! https://t.co/28dhoFltJF	0.0	0.0	0.0	["george","prince"]	0	[]
756441573001310208	RT @ChannelNewsAsia: ASEAN kicks off first talks since #SouthChinaSea ruling https://t.co/YJTygfP4ZX https://t.co/5cg21yRJ8b	0.0	0.0	1.0	["talks","southchinasea ruling","asean"]	0	[]
756441599840616449	Japanese Shinkansen operators confident of winning bid to develop KL-Singapore #HSR https://t.co/UBzfTElYZM https://t.co/AX6al039rO	0.0	0.0	0.0	["hsr","shinkansen operators","bid"]	0	[]
756441618954133504	RT @ChannelNewsAsia: By George, Britain's little prince is 3! https://t.co/0DDDv6xLyW (??: @KensingtonRoyal) https://t.co/q2hGv19XBd	0.0	0.0	0.0	["george","prince"]	0	[]
756441647756435456	RT @ChannelNewsAsia: Japanese Shinkansen operators confident of winning bid to develop KL-Singapore #HSR https://t.co/UBzfTElYZM https://t.…	0.0	0.0	0.0	["hsr","shinkansen operators","bid"]	0	[]
756441668740538369	RT @ChannelNewsAsia: Japanese Shinkansen operators confident of winning bid to develop KL-Singapore #HSR https://t.co/UBzfTElYZM https://t.…	0.0	0.0	0.0	["hsr","shinkansen operators","bid"]	0	[]
756441691515592705	RT @ChannelNewsAsia: Japanese Shinkansen operators confident of winning bid to develop KL-Singapore #HSR https://t.co/UBzfTElYZM https://t.…	0.0	0.0	0.0	["hsr","shinkansen operators","bid"]	0	[]
756441740739956736	RT @ChannelNewsAsia: FIVE ON FRIDAY: Why @GenevieveLohCNA thinks you should watch Boo Junfeng’s Apprentice https://t.co/YKPvEh1bIg https://…	0.0	0.0	0.0	["boo junfeng","friday","apprentice"]	0	[]
756441747299807232	RT @ChannelNewsAsia: Those caught possessing, distributing IS-linked Al Fatihin paper in S'pore risk jail/fine https://t.co/818PSvJhBd http…	0.0	0.0	0.0	[]	0	[]
756441824663773185	RT @ChannelNewsAsia: By George, Britain's little prince is 3! https://t.co/0DDDv6xLyW (??: @KensingtonRoyal) https://t.co/q2hGv19XBd	0.0	0.0	0.0	["george","prince"]	0	[]
756441831257300992	IS-linked newspaper Al Fatihin to be prohibited in Singapore https://t.co/EVOxcrjLPl #singapore	0.0	0.0	0.0	["newspaper al fatihin","singapore singapore"]	0	[]
756441834545614848	Japanese operators confident of winning bid to develop Singapore-Malaysia HSR  https://t.co/wH4zXKdO5n #singapore	0.0	0.0	0.0	["operators","hsr singapore","bid"]	0	[]
756441948332838912	By George, Britain's little prince is 3! https://t.co/0WYnytMykl	0.0	0.0	0.0	["george","prince"]	0	[]
756441982109495296	RT @ChannelNewsAsia: Japanese Shinkansen operators confident of winning bid to develop KL-Singapore #HSR https://t.co/UBzfTElYZM https://t.…	0.0	0.0	0.0	["hsr","shinkansen operators","bid"]	0	[]
756441994872786944	RT @ChannelNewsAsia: By George, Britain's little prince is 3! https://t.co/0DDDv6xLyW (??: @KensingtonRoyal) https://t.co/q2hGv19XBd	0.0	0.0	0.0	["george","prince"]	0	[]
756442080608595970	RT @ChannelNewsAsia: By George, Britain's little prince is 3! https://t.co/0DDDv6xLyW (??: @KensingtonRoyal) https://t.co/q2hGv19XBd	0.0	0.0	0.0	["george","prince"]	0	[]
756442137168793600	Wow omg https://t.co/CbOO8Mzotd	0.0	0.0	0.0	["wow"]	0	[]
756442201140240384	Well China already holds stake in Bandar Malaysia terminus property #HSR although I do hope Japan will win https://t.co/Nbsz3fgw32	0.0	0.0	1.0	["stake","china","japan","bandar malaysia terminus property hsr"]	0	[]
756442371642884096	RT @ChannelNewsAsia: Japanese Shinkansen operators confident of winning bid to develop KL-Singapore #HSR https://t.co/UBzfTElYZM https://t.…	0.0	0.0	0.0	["hsr","shinkansen operators","bid"]	0	[]
756442405574811648	@ChannelNewsAsia USA looking at High Speed Rail. Could find Japanese Rail attractive. Share technology. Ignore CCP overtures	0.5	0.0	0.5	["usa","ccp overtures","attractive","ignore","speed rail","share technology","japanese rail"]	0	[]
756442424734457856	RT @ChannelNewsAsia: By George, Britain's little prince is 3! https://t.co/0DDDv6xLyW (??: @KensingtonRoyal) https://t.co/q2hGv19XBd	0.0	0.0	0.0	["george","prince"]	0	[]
756442464731340801	RT @ChannelNewsAsia: By George, Britain's little prince is 3! https://t.co/0DDDv6xLyW (??: @KensingtonRoyal) https://t.co/q2hGv19XBd	0.0	0.0	0.0	["george","prince"]	0	[]
756442572298432512	This is actually a semi-decent development https://t.co/U4fwfHxVn1	0.0	0.0	0.0	["development"]	0	[]
756442689818669056	RT @ChannelNewsAsia: By George, Britain's little prince is 3! https://t.co/0DDDv6xLyW (??: @KensingtonRoyal) https://t.co/q2hGv19XBd	0.0	0.0	0.0	["george","prince"]	0	[]
756442717081612288	RT @ChannelNewsAsia: Japanese Shinkansen operators confident of winning bid to develop KL-Singapore #HSR https://t.co/UBzfTElYZM https://t.…	0.0	0.0	0.0	["hsr","shinkansen operators","bid"]	0	[]
756442883708694532	RT @ChannelNewsAsia: Those caught possessing, distributing IS-linked Al Fatihin paper in S'pore risk jail/fine https://t.co/818PSvJhBd http…	0.0	0.0	0.0	[]	0	[]
756442957130047488	RT @ChannelNewsAsia: By George, Britain's little prince is 3! https://t.co/0DDDv6xLyW (??: @KensingtonRoyal) https://t.co/q2hGv19XBd	0.0	0.0	0.0	["george","prince"]	0	[]
756442972086951936	RT @ChannelNewsAsia: By George, Britain's little prince is 3! https://t.co/0DDDv6xLyW (??: @KensingtonRoyal) https://t.co/q2hGv19XBd	0.0	0.0	0.0	["george","prince"]	0	[]
756443017955782656	RT @ChannelNewsAsia: By George, Britain's little prince is 3! https://t.co/0DDDv6xLyW (??: @KensingtonRoyal) https://t.co/q2hGv19XBd	0.0	0.0	0.0	["george","prince"]	0	[]
756443159941427200	RT @ChannelNewsAsia: Japanese Shinkansen operators confident of winning bid to develop KL-Singapore #HSR https://t.co/UBzfTElYZM https://t.…	0.0	0.0	0.0	["hsr","shinkansen operators","bid"]	0	[]
756443238714576896	I wish Malaysia had one Shinkansen https://t.co/bHJDjtEdTm	0.0	0.0	0.0	["shinkansen","malaysia"]	0	[]
756443291185328128	RT @ChannelNewsAsia: Japanese Shinkansen operators confident of winning bid to develop KL-Singapore #HSR https://t.co/UBzfTElYZM https://t.…	0.0	0.0	0.0	["hsr","shinkansen operators","bid"]	0	[]
756443369203568640	RT @ChannelNewsAsia: Japanese Shinkansen operators confident of winning bid to develop KL-Singapore #HSR https://t.co/UBzfTElYZM https://t.…	0.0	0.0	0.0	["hsr","shinkansen operators","bid"]	0	[]
756443426086944769	ChannelNewsAsia: ASEAN kicks off first talks since #SouthChinaSea ruling https://t.co/mQIbUhqdUT https://t.co/PXT6zeFfZh	0.0	0.0	1.0	["channelnewsasia","talks","southchinasea ruling","asean"]	0	[]
756443430285344768	ChannelNewsAsia: Japanese Shinkansen operators confident of winning bid to develop KL-Singapore #HSR … https://t.co/6yvf14qW8D	0.0	0.0	0.0	["channelnewsasia","hsr","shinkansen operators","bid"]	0	[]
756443442977251328	Yes please!!! https://t.co/4RjmoOYJJ3	0.0	0.0	0.0	[]	0	[]
756443447716831232	Inspiring!  https://t.co/J5QeaJnq5X	0.0	0.0	0.0	["inspiring"]	0	[]
756443693331034112	RT @ChannelNewsAsia: Japanese Shinkansen operators confident of winning bid to develop KL-Singapore #HSR https://t.co/UBzfTElYZM https://t.…	0.0	0.0	0.0	["hsr","shinkansen operators","bid"]	0	[]
756443695252135936	Pokemon GO could be next big marketing tool for retailers https://t.co/fYQqLrHC3B	0.0	0.0	0.0	["retailers","pokemon","marketing tool"]	0	[]
756443712440311808	RT @ChannelNewsAsia: By George, Britain's little prince is 3! https://t.co/0DDDv6xLyW (??: @KensingtonRoyal) https://t.co/q2hGv19XBd	0.0	0.0	0.0	["george","prince"]	0	[]
756443770481106945	RT @ChannelNewsAsia: Japanese Shinkansen operators confident of winning bid to develop KL-Singapore #HSR https://t.co/UBzfTElYZM https://t.…	0.0	0.0	0.0	["hsr","shinkansen operators","bid"]	0	[]
756443775413530624	RT @ChannelNewsAsia: FIVE ON FRIDAY: Why @GenevieveLohCNA thinks you should watch Boo Junfeng’s Apprentice https://t.co/YKPvEh1bIg https://…	0.0	0.0	0.0	["boo junfeng","friday","apprentice"]	0	[]
756443801552510976	RT @ChannelNewsAsia: Hawkers in Singapore taste #MichelinStar fame https://t.co/bxMoARecjr #michelinguidesg https://t.co/2wVyrMA9Tc	0.0	0.0	0.0	["singapore","hawkers","fame michelinguidesg"]	0	[]
756443808166912000	RT @ChannelNewsAsia: By George, Britain's little prince is 3! https://t.co/0DDDv6xLyW (??: @KensingtonRoyal) https://t.co/q2hGv19XBd	0.0	0.0	0.0	["george","prince"]	0	[]
756444003030020096	RT @ChannelNewsAsia: By George, Britain's little prince is 3! https://t.co/0DDDv6xLyW (??: @KensingtonRoyal) https://t.co/q2hGv19XBd	0.0	0.0	0.0	["george","prince"]	0	[]
756444008033886208	RT @ChannelNewsAsia: By George, Britain's little prince is 3! https://t.co/0DDDv6xLyW (??: @KensingtonRoyal) https://t.co/q2hGv19XBd	0.0	0.0	0.0	["george","prince"]	0	[]
756444017026400256	RT @ChannelNewsAsia: By George, Britain's little prince is 3! https://t.co/0DDDv6xLyW (??: @KensingtonRoyal) https://t.co/q2hGv19XBd	0.0	0.0	0.0	["george","prince"]	0	[]
756444195070545920	Coinbase offers digital currency to consumers https://t.co/XoOSTi2Syy https://t.co/62LzNX7kMa	0.0	0.0	0.0	["coinbase","currency","consumers"]	0	[]
756444271385911297	RT @ChannelNewsAsia: By George, Britain's little prince is 3! https://t.co/0DDDv6xLyW (??: @KensingtonRoyal) https://t.co/q2hGv19XBd	0.0	0.0	0.0	["george","prince"]	0	[]
756444322401292288	IS-linked newspaper Al Fatihin to be prohibited in Singapore - Channel NewsAsia https://t.co/5uVdbiuKTN #sgbreakin… https://t.co/IYHiXOaSMo	0.0	0.0	0.0	["newspaper al fatihin","singapore","channel newsasia sgbreakin"]	0	[]
756444327547731969	Sing CNA: IS-linked newspaper Al Fatihin to be prohibited in Singapore https://t.co/XAOLNzEMWQ	0.0	0.0	0.0	["newspaper al fatihin","singapore","cna","sing"]	0	[]
756444533764743168	@umarkadir @ChannelNewsAsia oh. Cant wait this to happen. Hihi	0.0	0.0	0.0	["hihi"]	0	[]
756444684919054336	RT @ChannelNewsAsia: By George, Britain's little prince is 3! https://t.co/0DDDv6xLyW (??: @KensingtonRoyal) https://t.co/q2hGv19XBd	0.0	0.0	0.0	["george","prince"]	0	[]
756444799276683264	Turkey says US could extradite cleric Gulen quickly if wants to - https://t.co/JVj2gnynuM	0.0	0.0	0.0	["gulen","turkey"]	0	[]
756444883158786048	IS-linked newspaper Al Fatihin to be prohibited in Singapore https://t.co/ezCwqhUjHH	0.0	0.0	0.0	["newspaper al fatihin","singapore"]	0	[]
756444888594542592	Japanese operators confident of winning bid to develop Singapore-Malaysia HSR  https://t.co/ELdv8hKnKN	0.0	0.0	0.0	["operators","hsr","bid"]	0	[]
756444980940374017	CNA | IS-linked newspaper Al Fatihin to be prohibited in Singapore https://t.co/lDytfXmV1s https://t.co/hXLZyJJd5U	0.0	0.0	0.0	["singapore","cna  newspaper al fatihin"]	0	[]
756444986900488192	CNA | IS-linked newspaper Al Fatihin to be prohibited in Singapore https://t.co/Yl81erTnjK #sgnews https://t.co/mIXLCs3DRr	0.0	0.0	0.0	["singapore sgnews","cna  newspaper al fatihin"]	0	[]
756444990184706050	CNA | IS-linked newspaper Al Fatihin to be prohibited in Singapore https://t.co/wdvbOLkZQF https://t.co/x3qgCe01zy	0.0	0.0	0.0	["singapore","cna  newspaper al fatihin"]	0	[]
756444994412552192	CNA | Japanese operators confident of winning bid to develop KL-Singapore High-Speed Rail https://t.co/FASt7quBev https://t.co/XWOj9ITHcB	1.0	0.0	0.0	["bid","cna  japanese operators","high-speed rail"]	0	[]
756444997554024448	CNA | Japanese operators confident of winning bid to develop KL-Singapore… https://t.co/wWxK7Lf0dH #sgnews https://t.co/Z20ogomrYB	0.0	0.0	0.0	["kl-singapore","sgnews","bid","cna  japanese operators"]	0	[]
756445001249271809	CNA | Japanese operators confident of winning bid to develop KL-Singapore High-Speed Rail https://t.co/lWWvI5Yy7U https://t.co/gR5eLq6sne	1.0	0.0	0.0	["bid","cna  japanese operators","high-speed rail"]	0	[]
756445054223257601	RT @ChannelNewsAsia: Japanese Shinkansen operators confident of winning bid to develop KL-Singapore #HSR https://t.co/UBzfTElYZM https://t.…	0.0	0.0	0.0	["hsr","shinkansen operators","bid"]	0	[]
756445118186426368	RT @ChannelNewsAsia: By George, Britain's little prince is 3! https://t.co/0DDDv6xLyW (??: @KensingtonRoyal) https://t.co/q2hGv19XBd	0.0	0.0	0.0	["george","prince"]	0	[]
756445124205260800	Malaysia, China, Australia to suspend hunt for MH370 after completing current search zone - Channel NewsAsia https://t.co/e4lcjk3ucP	0.0	0.0	0.0	["mh370","hunt","search zone","australia","malaysia","channel newsasia"]	0	[]
756445145273294848	RT @ChannelNewsAsia: Japanese Shinkansen operators confident of winning bid to develop KL-Singapore #HSR https://t.co/UBzfTElYZM https://t.…	0.0	0.0	0.0	["hsr","shinkansen operators","bid"]	0	[]
756445148582518784	Malaysia, China, Australia to suspend hunt for MH370 after completing current search zone - Channel NewsAsia https://t.co/3wL3aM3OVZ	0.0	0.0	0.0	["mh370","hunt","search zone","australia","malaysia","channel newsasia"]	0	[]
756445166664232960	RT @scoo_ps: CNA | IS-linked newspaper Al Fatihin to be prohibited in Singapore https://t.co/Yl81erTnjK #sgnews https://t.co/mIXLCs3DRr	0.0	0.0	0.0	["singapore sgnews","cna  newspaper al fatihin"]	0	[]
756445184267657216	Malaysia, China, Australia to suspend hunt for MH370 after completing current search zone - Channel NewsAsia https://t.co/2inSas4TbZ	0.0	0.0	0.0	["mh370","hunt","search zone","australia","malaysia","channel newsasia"]	0	[]
756445350433583104	[CNA] IS-linked newspaper Al Fatihin to be prohibited in Singapore https://t.co/tovPvz1DGc #SGnews	0.0	0.0	0.0	["singapore sgnews"," cna  newspaper al fatihin"]	0	[]
756445355701665792	[CNA] Japanese operators confident of winning bid to develop KL-Singapore High-Speed Rail https://t.co/NUY0ei9GYG #SGnews	1.0	0.0	0.0	["rail sgnews"," cna  japanese operators","bid"]	0	[]
756445415076167680	Nobody cares my career will be ruined, says Russia's Shubenkov https://t.co/WWP2dgDqg1	0.0	0.0	0.0	["career","shubenkov"]	0	[]
756445419069116417	GE profit beats estimates as power business revenue rises https://t.co/d0z4m0NgGe	0.0	0.0	1.0	["power business revenue rises","ge profit","estimates"]	0	[]
756445422063788033	GE profit beats estimates as power business revenue rises: REUTERS: General Electric Co reported a better-tha... https://t.co/viQlgETW6B	1.0	0.0	0.0	["power business revenue","revenue","ge profit","general electric co","better-tha"]	0	[]
756445422172921857	Olympics: 45 new doping failures from Beijing, London Games - IOC https://t.co/1Dsfpt9z5y	0.0	0.0	1.0	["london games","doping failures","olympics","beijing"]	0	[]
756445623117684736	Volkswagen to halt sales of most vehicles in South Korea amid emissions probe https://t.co/kwXzHbT8aG #UFO4UBlogAsia	0.0	0.0	1.0	["vehicles","south korea","volkswagen","emissions probe ufo 4ublogasia","sales"]	0	[]
756445623851687936	Japanese operators confident of winning bid to develop Singapore-Malaysia HSR https://t.co/CBRIv656AX #UFO4UBlogAsia	0.0	0.0	0.0	["hsr ufo 4ublogasia","operators","bid"]	0	[]
756445655724351489	Japanese operators confident of winning bid to develop KL-Singapore High-Speed Rail https://t.co/mfX9Aj52Uy	1.0	0.0	0.0	["operators","bid","high-speed rail"]	0	[]
756445663911641088	By George, Britain's little prince is 3! https://t.co/Xy2WbJlvy7	0.0	0.0	0.0	["george","prince"]	0	[]
756445664616280064	Nobody cares my career will be ruined, says Russia's Shubenkov https://t.co/yDoQeRWyZy	0.0	0.0	0.0	["career","shubenkov"]	0	[]
756445665165766656	GE profit beats estimates as power business revenue rises https://t.co/t18bnsFneV	0.0	0.0	1.0	["power business revenue rises","ge profit","estimates"]	0	[]
756445665815920644	Olympics: 45 new doping failures from Beijing, London Games - IOC https://t.co/cvkuhmZiPx	0.0	0.0	1.0	["london games","doping failures","olympics","beijing"]	0	[]
756445673919172608	RT @ChannelNewsAsia: By George, Britain's little prince is 3! https://t.co/0DDDv6xLyW (??: @KensingtonRoyal) https://t.co/q2hGv19XBd	0.0	0.0	0.0	["george","prince"]	0	[]
756445725710442497	RT @ChannelNewsAsia: By George, Britain's little prince is 3! https://t.co/0DDDv6xLyW (??: @KensingtonRoyal) https://t.co/q2hGv19XBd	0.0	0.0	0.0	["george","prince"]	0	[]
756445732131905536	RT @ChannelNewsAsia: By George, Britain's little prince is 3! https://t.co/0DDDv6xLyW (??: @KensingtonRoyal) https://t.co/q2hGv19XBd	0.0	0.0	0.0	["george","prince"]	0	[]
756445744190595072	Britain's economy wilting fast after Brexit vote, may prompt more spending https://t.co/C03Vo4hGsm #business #sg	1.0	0.0	0.0	["wilting","spending business sg","vote"]	0	[]
756445746270990336	GE profit beats estimates as power business revenue rises https://t.co/SnSYSOyQy1 #business #sg	0.0	0.0	1.0	["power business revenue","business sg","ge profit","estimates"]	0	[]
756445771604471808	RT @ChannelNewsAsia: Japanese Shinkansen operators confident of winning bid to develop KL-Singapore #HSR https://t.co/UBzfTElYZM https://t.…	0.0	0.0	0.0	["hsr","shinkansen operators","bid"]	0	[]
756445919063617536	RT @ChannelNewsAsia: By George, Britain's little prince is 3! https://t.co/0DDDv6xLyW (??: @KensingtonRoyal) https://t.co/q2hGv19XBd	0.0	0.0	0.0	["george","prince"]	0	[]
756445929507475459	RT @ChannelNewsAsia: Japanese Shinkansen operators confident of winning bid to develop KL-Singapore #HSR https://t.co/UBzfTElYZM https://t.…	0.0	0.0	0.0	["hsr","shinkansen operators","bid"]	0	[]
756445996767322112	IS-linked newspaper Al Fatihin to be prohibited in Singapore - Channel NewsAsia https://t.co/EPBQgynARM	0.0	0.0	0.0	["newspaper al fatihin","singapore","channel newsasia"]	0	[]
756446003876605952	Japanese operators confident of winning bid to develop KL-Singapore High-Speed Rail - Channel NewsAsia https://t.co/zewnlJeVoi	1.0	0.0	0.0	["operators","bid","high-speed rail","channel newsasia"]	0	[]
756446020418973696	IS-linked newspaper Al Fatihin to be prohibited in Singapore - Channel NewsAsia https://t.co/FT8pWmf9XJ	0.0	0.0	0.0	["newspaper al fatihin","singapore","channel newsasia"]	0	[]
756446028526739456	Japanese operators confident of winning bid to develop KL-Singapore High-Speed Rail - Channel NewsAsia https://t.co/UfK2h2hZNK	1.0	0.0	0.0	["operators","bid","high-speed rail","channel newsasia"]	0	[]
756446041201717248	RT @ChannelNewsAsia: By George, Britain's little prince is 3! https://t.co/0DDDv6xLyW (??: @KensingtonRoyal) https://t.co/q2hGv19XBd	0.0	0.0	0.0	["george","prince"]	0	[]
756446073145536512	45 new doping failures from Beijing, London #Olympics https://t.co/gjeWHjO7yS https://t.co/Vqh7cFsBDF	0.0	0.0	1.0	["doping failures","london olympics","beijing"]	0	[]
756446221871439872	RT @ChannelNewsAsia: Those caught possessing, distributing IS-linked Al Fatihin paper in S'pore risk jail/fine https://t.co/818PSvJhBd http…	0.0	0.0	0.0	[]	0	[]
756446247075000320	IS-linked newspaper Al Fatihin to be prohibited in Singapore - Channel NewsAsia https://t.co/1G4D8783ok	0.0	0.0	0.0	["newspaper al fatihin","singapore","channel newsasia"]	0	[]
756446262107500544	RT @ChannelNewsAsia: 45 new doping failures from Beijing, London #Olympics https://t.co/gjeWHjO7yS https://t.co/Vqh7cFsBDF	0.0	0.0	1.0	["doping failures","london olympics","beijing"]	0	[]
756446276477030400	IS-linked newspaper Al Fatihin to be prohibited in Singapore - Channel NewsAsia https://t.co/xfZ9rXkcOQ	0.0	0.0	0.0	["newspaper al fatihin","singapore","channel newsasia"]	0	[]
756446419276312577	RT @ChannelNewsAsia: By George, Britain's little prince is 3! https://t.co/0DDDv6xLyW (??: @KensingtonRoyal) https://t.co/q2hGv19XBd	0.0	0.0	0.0	["george","prince"]	0	[]
756446580941524992	RT @ChannelNewsAsia: #1MDB: @WhiteHouse urges Malaysia to show good governance, transparent business climate https://t.co/t2kDfUGARK https:…	1.0	0.0	0.0	["business climate","climate","urges"]	0	[]
756446634154729473	RT @ChannelNewsAsia: Japanese Shinkansen operators confident of winning bid to develop KL-Singapore #HSR https://t.co/UBzfTElYZM https://t.…	0.0	0.0	0.0	["hsr","shinkansen operators","bid"]	0	[]
756446732532068355	IS-linked newspaper Al Fatihin to be prohibited in Singapore - Channel NewsAsia https://t.co/ZE0oOL3HiA	0.0	0.0	0.0	["newspaper al fatihin","singapore","channel newsasia"]	0	[]
756446737863094272	#OpenFollow IS-linked newspaper Al Fatihin to be prohibited in Singapore - Channel NewsAsia https://t.co/79Aiet0wRe #Singapore	0.0	0.0	0.0	["singapore","channel newsasia singapore","openfollow newspaper al fatihin"]	0	[]
756446755365937156	#OpenFollow IS-linked newspaper Al Fatihin to be prohibited in Singapore - Channel NewsAsia https://t.co/13kCwVGCMH #Singapore	0.0	0.0	0.0	["singapore","channel newsasia singapore","openfollow newspaper al fatihin"]	0	[]
756446816166486017	AIYA SO BIG ALREADY CUTIE :') https://t.co/GS4chyurKK	0.0	0.0	0.0	["cutie ","aiya"]	0	[]
756447041639763968	RT @ChannelNewsAsia: Japanese Shinkansen operators confident of winning bid to develop KL-Singapore #HSR https://t.co/UBzfTElYZM https://t.…	0.0	0.0	0.0	["hsr","shinkansen operators","bid"]	0	[]
756447072161632256	RT @ChannelNewsAsia: Japanese Shinkansen operators confident of winning bid to develop KL-Singapore #HSR https://t.co/UBzfTElYZM https://t.…	0.0	0.0	0.0	["hsr","shinkansen operators","bid"]	0	[]
756447149903130625	RT @ChannelNewsAsia: By George, Britain's little prince is 3! https://t.co/0DDDv6xLyW (??: @KensingtonRoyal) https://t.co/q2hGv19XBd	0.0	0.0	0.0	["george","prince"]	0	[]
756447207725764608	RT @ChannelNewsAsia: By George, Britain's little prince is 3! https://t.co/0DDDv6xLyW (??: @KensingtonRoyal) https://t.co/q2hGv19XBd	0.0	0.0	0.0	["george","prince"]	0	[]
756447282271223808	Nobody cares my career will be ruined, says Russia's Shubenkov https://t.co/tdGWgfYnTR	0.0	0.0	0.0	["career","shubenkov"]	0	[]
756447284351627264	GE profit beats estimates as power business revenue rises https://t.co/n97hE04Uap	0.0	0.0	1.0	["power business revenue rises","ge profit","estimates"]	0	[]
756447286163546112	Olympics: 45 new doping failures from Beijing, London Games - IOC https://t.co/WDcqZPsJ9i	0.0	0.0	1.0	["london games","doping failures","olympics","beijing"]	0	[]
756447331818635264	Nobody cares my career will be ruined, says Russia's Shubenkov https://t.co/mv1LYlGJoe	0.0	0.0	0.0	["career","shubenkov"]	0	[]
756447334859431936	GE profit beats estimates as power business revenue rises https://t.co/chRlphyamP	0.0	0.0	1.0	["power business revenue rises","ge profit","estimates"]	0	[]
756447336822349825	Olympics: 45 new doping failures from Beijing, London Games - IOC https://t.co/B1PVTrrIjT	0.0	0.0	1.0	["london games","doping failures","olympics","beijing"]	0	[]
756447372134064128	RT @ChannelNewsAsia: By George, Britain's little prince is 3! https://t.co/0DDDv6xLyW (??: @KensingtonRoyal) https://t.co/q2hGv19XBd	0.0	0.0	0.0	["george","prince"]	0	[]
756447415197020160	GM, Isuzu to end pick-up truck development partnership: General Motors Co  and Isuzu Motor Co  have agreed to... https://t.co/KOWFfez7DZ	1.0	0.0	0.0	["motor isuzu co","truck development partnership","general motors co","isuzu"]	0	[]
756447550794858496	ChannelNewsAsia: 45 new doping failures from Beijing, London #Olympics https://t.co/9YVKLXVfGN https://t.co/49cbf0tfjU	0.0	0.0	1.0	["doping failures","channelnewsasia","london olympics","beijing"]	0	[]
756447683041071104	PUB officer charged with cheating: SINGAPORE: A technical officer with PUB was charged on Friday (Jul 22) for... https://t.co/8mevUE7Csv	0.0	1.0	0.0	["friday  jul ","singapore","pub officer","officer","cheating","pub"]	0	[]
756447692952174593	RT @ChannelNewsAsia: ASEAN kicks off first talks since #SouthChinaSea ruling https://t.co/YJTygfP4ZX https://t.co/5cg21yRJ8b	0.0	0.0	1.0	["talks","southchinasea ruling","asean"]	0	[]
756447722803191809	RT @GiumanLuca: Newly developed wheel converts any bicycle into an electric vehicle https://t.co/HtIwvJueBy	0.0	0.0	1.0	["bicycle","wheel","vehicle"]	0	[]
756447746719047680	dlvr -  Nobody cares my career will be ruined, says Russia's Shubenkov https://t.co/0RgWkQHgOy	0.0	0.0	0.0	["career","shubenkov","dlvr"]	0	[]
756447748941950976	Nobody cares my career will be ruined, says Russia's Shubenkov https://t.co/OxIRshAI1n	0.0	0.0	0.0	["career","shubenkov"]	0	[]
756447749776617472	dlvr -  GE profit beats estimates as power business revenue rises https://t.co/p16QVwpWCo	0.0	0.0	1.0	["power business revenue rises","ge profit","estimates"]	0	[]
756447757733285888	GE profit beats estimates as power business revenue rises https://t.co/u1jzh66JwE	0.0	0.0	1.0	["power business revenue rises","ge profit","estimates"]	0	[]
756447757825519616	dlvr -  Olympics: 45 new doping failures from Beijing, London Games - IOC https://t.co/FMnACnfzoH	0.0	0.0	1.0	["london games","doping failures","olympics","beijing"]	0	[]
756447767417933824	Olympics: 45 new doping failures from Beijing, London Games - IOC https://t.co/O1NWIgLjHH	0.0	0.0	1.0	["london games","doping failures","olympics","beijing"]	0	[]
756447882547453952	CNA: Olympics: 45 new doping failures from Beijing, London Games - IOC https://t.co/EB656khmkX	0.0	0.0	1.0	["london games","doping failures","cna","games","beijing"]	0	[]
756448078538735616	RT @ChannelNewsAsia: By George, Britain's little prince is 3! https://t.co/0DDDv6xLyW (??: @KensingtonRoyal) https://t.co/q2hGv19XBd	0.0	0.0	0.0	["george","prince"]	0	[]
756448089079095296	wah the snow so chio  https://t.co/qt4ochTZv7	0.0	0.0	0.0	["chio","wah snow"]	0	[]
756448181395881984	#Guam #Agana #Tamuning Indian air force plane goes missing with 29 on board https://t.co/V7F0MUkqlS	0.0	1.0	0.0	["missing","guam agana tamuning indian air force plane","board"]	0	[]
756448185502015489	#Guam #Agana #Tamuning Japanese operators confident of winning bid to develop Singapore-Malaysia HSR https://t.co/UMHDXq6IfU	0.0	0.0	0.0	["operators","guam agana","hsr","confident","bid"]	0	[]
756448351185358848	45 new doping failures from Beijing, London Olympics: IOC https://t.co/2ij6x4Fw8A	0.0	0.0	1.0	["doping failures","london olympics","beijing"]	0	[]
756448650235043840	RT @ChannelNewsAsia: 45 new doping failures from Beijing, London #Olympics https://t.co/gjeWHjO7yS https://t.co/Vqh7cFsBDF	0.0	0.0	1.0	["doping failures","london olympics","beijing"]	0	[]
756448694551969793	Nobody cares my career will be ruined, says Russia's Shubenkov https://t.co/aaSf31smxH	0.0	0.0	0.0	["career","shubenkov"]	0	[]
756448697249128448	GE profit beats estimates as power business revenue rises https://t.co/jsDrN69CCF	0.0	0.0	1.0	["power business revenue rises","ge profit","estimates"]	0	[]
756448698821963776	Olympics: 45 new doping failures from Beijing, London Games - IOC https://t.co/LKyeGRTRUc	0.0	0.0	1.0	["london games","doping failures","olympics","beijing"]	0	[]
756448713845899264	Nobody cares my career will be ruined, says Russia's Shubenkov https://t.co/aaSf31aLG9	0.0	0.0	0.0	["career","shubenkov"]	0	[]
756448767319109633	Britain's economy wilting fast after Brexit vote, may prompt more spending https://t.co/zbLVPn4gU4	1.0	0.0	0.0	["wilting","spending","vote"]	0	[]
756448992888705024	RT @zenjournalist: Coverage by Singapore TV news station Channel NewsAsia  https://t.co/OJWq54t5Eg	0.0	0.0	0.0	["singapore tv news station channel newsasia"]	0	[]
756449085305999361	PUB officer accused of misleading colleagues to award almost S$2m to his own companies https://t.co/tvA2wRPQEI https://t.co/1Cu2Sweeic	0.0	0.0	0.0	["award companies","pub officer","2m s","colleagues"]	0	[]
756449255976493056	[CNA] PUB officer charged with cheating https://t.co/6zxvexDnal #SGnews	0.0	1.0	0.0	["cheating sgnews"," cna  pub officer"]	0	[]
756449519076651008	RT @ChannelNewsAsia: By George, Britain's little prince is 3! https://t.co/0DDDv6xLyW (??: @KensingtonRoyal) https://t.co/q2hGv19XBd	0.0	0.0	0.0	["george","prince"]	0	[]
756449597095051264	PUB officer charged with cheating https://t.co/MHt6tXjUBT #singapore	0.0	1.0	0.0	["pub officer","cheating singapore"]	0	[]
756449709632393216	My review of Trump's speech, and preview of #DNCinPHL coming up at 7:30 on @primetimeasia @ChannelNewsAsia live from Cleveland.	0.0	0.0	0.0	["preview","speech","dncinphl","cleveland"]	0	[]
756449754825928705	IS-linked newspaper Al Fatihin to be prohibited in Singapore: The Ministry of Communications and Information says… https://t.co/7HUurpnQt5	0.0	0.0	0.0	["newspaper al fatihin","singapore","communications","information","the ministry"]	0	[]
756449760706371584	Japanese operators confident of winning bid to develop KL-Singapore High-Speed Rail: The Shinkansen's (bullet… https://t.co/gngnNjIpQQ	1.0	0.0	0.0	["operators"," bullet","bid","high-speed rail"]	0	[]
756449766112755712	PUB officer charged with cheating: Mohamed Sa’ad Mohamed Ali allegedly misled his colleagues into approving… https://t.co/o4tYdss5dS	0.0	1.0	0.0	["mohamed saad mohamed ali","pub officer","colleagues","cheating","approving"]	0	[]
756449777479409668	Britain's economy wilting fast after Brexit vote, may prompt more spending https://t.co/fatL8EmLSb	1.0	0.0	0.0	["wilting","spending","vote"]	0	[]
756449782982377472	RT @SimonMarksFSN: My review of Trump's speech, and preview of #DNCinPHL coming up at 7:30 on @primetimeasia @ChannelNewsAsia live from Cle…	0.0	0.0	0.0	["preview","speech","dncinphl","cle"]	0	[]
756449783003410432	RT @SimonMarksFSN: My review of Trump's speech, and preview of #DNCinPHL coming up at 7:30 on @primetimeasia @ChannelNewsAsia live from Cle…	0.0	0.0	0.0	["preview","speech","dncinphl","cle"]	0	[]
756449786132254722	Nobody cares my career will be ruined, says Russia's Shubenkov https://t.co/OLOrm5B32P	0.0	0.0	0.0	["career","shubenkov"]	0	[]
756449792360787968	GE profit beats estimates as power business revenue rises https://t.co/6fpQ7DjNxn	0.0	0.0	1.0	["power business revenue rises","ge profit","estimates"]	0	[]
756449799709175808	45 new doping failures from Beijing, London Olympics: IOC https://t.co/BC3x3vCy3a	0.0	0.0	1.0	["doping failures","london olympics","beijing"]	0	[]
756449805946068992	New pictures released as Britain's Prince George marks 3rd birthday https://t.co/fs6ysNihHJ	0.0	0.0	0.0	["prince george","birthday","pictures"]	0	[]
756449813030248448	PUB officer charged with cheating https://t.co/ouUwcSqQ9B	0.0	1.0	0.0	["pub officer","cheating"]	0	[]
756449933998206976	RT @ChannelNewsAsia: By George, Britain's little prince is 3! https://t.co/0DDDv6xLyW (??: @KensingtonRoyal) https://t.co/q2hGv19XBd	0.0	0.0	0.0	["george","prince"]	0	[]
756450124197310464	RT @ChannelNewsAsia: By George, Britain's little prince is 3! https://t.co/0DDDv6xLyW (??: @KensingtonRoyal) https://t.co/q2hGv19XBd	0.0	0.0	0.0	["george","prince"]	0	[]
756450473301962752	Newly developed wheel converts any bicycle into an electric vehicle https://t.co/0mXbEunlY4	0.0	0.0	1.0	["bicycle","wheel","vehicle"]	0	[]
756450558014132227	RT @ChannelNewsAsia: By George, Britain's little prince is 3! https://t.co/0DDDv6xLyW (??: @KensingtonRoyal) https://t.co/q2hGv19XBd	0.0	0.0	0.0	["george","prince"]	0	[]
756450675765026816	RT @ChannelNewsAsia: Japanese Shinkansen operators confident of winning bid to develop KL-Singapore #HSR https://t.co/UBzfTElYZM https://t.…	0.0	0.0	0.0	["hsr","shinkansen operators","bid"]	0	[]
756450994100248576	ChannelNewsAsia: PUB officer accused of misleading colleagues to award almost S$2m to his own companies … https://t.co/9t5e7u9XbW	0.0	0.0	0.0	["award companies","pub officer","channelnewsasia","2m s","colleagues"]	0	[]
756451116049498112	RT @SimonMarksFSN: My review of Trump's speech, and preview of #DNCinPHL coming up at 7:30 on @primetimeasia @ChannelNewsAsia live from Cle…	0.0	0.0	0.0	["preview","speech","dncinphl","cle"]	0	[]
756451134521442304	Man arrested for employment scam https://t.co/5MN2lCZrJj	0.0	0.0	1.0	["employment scam","man"]	0	[]
756451209477709824	IS-linked newspaper Al Fatihin to be prohibited in Singapore - Channel NewsAsia https://t.co/INeiiNDc7k	0.0	0.0	0.0	["newspaper al fatihin","singapore","channel newsasia"]	0	[]
756451239487864832	https://t.co/t90OoMXjNE Long queues at Michelin-starred hawker stalls #Follow4Follow #ilovesingapore #lovesingapore #FollowBack #singapore	0.0	0.0	0.0	["ilovesingapore lovesingapore followback singapore","queues","hawker"]	0	[]
756451322241519617	By George, Britain's little prince is 3! https://t.co/jX4HJRoxfC	0.0	0.0	0.0	["george","prince"]	0	[]
756451323080380416	Japanese operators confident of winning bid to develop KL-Singapore High-Speed Rail https://t.co/mFp08EemfY	1.0	0.0	0.0	["operators","bid","high-speed rail"]	0	[]
756451323810230273	Nobody cares my career will be ruined, says Russia's Shubenkov https://t.co/dVguuBeK5l	0.0	0.0	0.0	["career","shubenkov"]	0	[]
756451324753960960	GE profit beats estimates as power business revenue rises https://t.co/Wc7uWZ2oS2	0.0	0.0	1.0	["power business revenue rises","ge profit","estimates"]	0	[]
756451325466988545	Olympics: 45 new doping failures from Beijing, London Games - IOC https://t.co/yiQnuuxASN	0.0	0.0	1.0	["london games","doping failures","olympics","beijing"]	0	[]
756451360858529792	Two Singapore hawker stalls awarded Michelin stars #FoodWorldOrder https://t.co/cZuusWOUZv	0.0	0.0	0.0	["michelin stars foodworldorder","singapore hawker"]	0	[]
756451383126007808	RT @ChannelNewsAsia: By George, Britain's little prince is 3! https://t.co/0DDDv6xLyW (??: @KensingtonRoyal) https://t.co/q2hGv19XBd	0.0	0.0	0.0	["george","prince"]	0	[]
756451520153997314	RT @ChannelNewsAsia: Japanese Shinkansen operators confident of winning bid to develop KL-Singapore #HSR https://t.co/UBzfTElYZM https://t.…	0.0	0.0	0.0	["hsr","shinkansen operators","bid"]	0	[]
756451550965268480	FDA raises concerns over Valeant's eye drop https://t.co/kVEXf2o4A5 #ALGO #Trending https://t.co/cQsDGPL9a4	0.0	0.0	0.0	["eye drop algo","fda","concerns"]	0	[]
756451819430088704	RT @ChannelNewsAsia: Those caught possessing, distributing IS-linked Al Fatihin paper in S'pore risk jail/fine https://t.co/818PSvJhBd http…	0.0	0.0	0.0	[]	0	[]
756452021306134528	@AMuslimRozlan @ChannelNewsAsia me too!!!	0.0	0.0	0.0	[]	0	[]
756452056009801728	New pictures released as Britain's Prince George marks 3rd birthday https://t.co/6CpD1foomE #enews #Trending https://t.co/1jiCoj5HQZ	0.0	0.0	0.0	["prince george","birthday enews","pictures"]	0	[]
756452182191251456	IOC announces 45 failed tests from Beijing and London: REUTERS: Forty-five athletes have failed dope tests af... https://t.co/ckSBvueQox	0.0	1.0	0.0	["tests","london","dope tests af","athletes","beijing","ioc"]	0	[]
756452289078931457	Japanese operators confident of winning bid to develop KL-Singapore High-Speed Rail https://t.co/zalueHzKWF	1.0	0.0	0.0	["operators","bid","high-speed rail"]	0	[]
756452290744254464	#Asia Global stocks fall, UK PMIs flash Brexit recession warning https://t.co/n1qCtrHMl7	0.0	0.0	0.0	["asia stocks","uk pmis flash brexit recession warning"]	0	[]
756452300856651776	45 new doping failures from Beijing, London Olympics: IOC https://t.co/UCoRx7Jmx7	0.0	0.0	1.0	["doping failures","london olympics","beijing"]	0	[]
756452304472113152	IOC announces 45 failed tests from Beijing and London https://t.co/zbjXpbvIaS	0.0	0.0	0.0	["tests","london","beijing","ioc"]	0	[]
756452318284017664	PUB officer charged with cheating https://t.co/Ye93Qjalu6	0.0	1.0	0.0	["pub officer","cheating"]	0	[]
756452320251092992	Global stocks fall, UK PMIs flash Brexit recession warning https://t.co/17djfSmJX8	0.0	0.0	0.0	["uk pmis flash brexit recession warning","stocks"]	0	[]
756452388098174976	PUB officer charged with cheating https://t.co/4VnKdHjGDU	0.0	1.0	0.0	["pub officer","cheating"]	0	[]
756452539894108161	IS-linked newspaper Al Fatihin to be prohibited in Singapore https://t.co/B5K1iaXJhX	0.0	0.0	0.0	["newspaper al fatihin","singapore"]	0	[]
756452731057868803	RT @ChannelNewsAsia: By George, Britain's little prince is 3! https://t.co/0DDDv6xLyW (??: @KensingtonRoyal) https://t.co/q2hGv19XBd	0.0	0.0	0.0	["george","prince"]	0	[]
756452741195587584	RT @ChannelNewsAsia: By George, Britain's little prince is 3! https://t.co/0DDDv6xLyW (??: @KensingtonRoyal) https://t.co/q2hGv19XBd	0.0	0.0	0.0	["george","prince"]	0	[]
756452959232204800	RT @ChannelNewsAsia: Those caught possessing, distributing IS-linked Al Fatihin paper in S'pore risk jail/fine https://t.co/818PSvJhBd http…	0.0	0.0	0.0	[]	0	[]
756453000114114560	[CNA] Japanese operators confident of winning bid to develop KL-Singapore High-Speed Rail: The Shinkansen's (... https://t.co/Fn8XhqpglO	1.0	0.0	0.0	[" cna  japanese operators","bid","high-speed rail"]	0	[]
756453000869064704	[CNA] PUB officer charged with cheating: Mohamed Sa’ad Mohamed Ali allegedly misled his colleagues into appro... https://t.co/YDbHOxjwEl	0.0	1.0	0.0	["mohamed saad mohamed ali","appro","colleagues","cheating"," cna  pub officer"]	0	[]
756453007756185601	[News] IS-linked newspaper Al Fatihin to be prohibited in Singapore https://t.co/mcFHMqlXV7	0.0	0.0	0.0	["singapore"," news  newspaper al fatihin"]	0	[]
756453008670470145	[News] Japanese operators confident of winning bid to develop KL-Singapore High-Speed Rail https://t.co/cDSuzmAxOy	1.0	0.0	0.0	[" news  japanese operators","bid","high-speed rail"]	0	[]
756453009370906624	[News] PUB officer charged with cheating https://t.co/6yjvaxRW1c	0.0	1.0	0.0	[" news  pub officer","cheating"]	0	[]
756453020062326784	45 new doping failures from Beijing, London Olympics: IOC https://t.co/S6RzV4b80A	0.0	0.0	1.0	["doping failures","london olympics","beijing"]	0	[]
756453020443959296	DTN Singapore: IS-linked newspaper Al Fatihin to be prohibited in Singapore: The Ministry of Communications a... https://t.co/zoh67V6fra	0.0	0.0	0.0	["newspaper al fatihin","singapore","communications","dtn singapore","the ministry"]	0	[]
756453021521883138	DTN Singapore: Japanese operators confident of winning bid to develop KL-Singapore High-Speed Rail: The Shink... https://t.co/PU3CVODm0Z	1.0	0.0	0.0	["operators","dtn singapore","bid","high-speed rail"]	0	[]
756453021735870464	New pictures released as Britain's Prince George marks 3rd birthday https://t.co/hOZ6oLlOZT	0.0	0.0	0.0	["prince george","birthday","pictures"]	0	[]
756453022297763840	DTN Singapore: PUB officer charged with cheating: Mohamed Sa’ad Mohamed Ali allegedly misled his colleagues i... https://t.co/w6bDfN3kqc	0.0	1.0	0.0	["mohamed saad mohamed ali","pub officer","colleagues","dtn singapore","cheating"]	0	[]
756453023434637312	PUB officer charged with cheating https://t.co/j0AkApwyoe	0.0	1.0	0.0	["pub officer","cheating"]	0	[]
756453024667607040	DTN Singapore: IS-linked newspaper Al Fatihin to be prohibited in Singapore: The Ministry of Communications a... https://t.co/FIWhIvxFfu	0.0	0.0	0.0	["newspaper al fatihin","singapore","communications","dtn singapore","the ministry"]	0	[]
756453024839663616	IOC announces 45 failed tests from Beijing and London https://t.co/XoLU9CLlH0	0.0	0.0	0.0	["tests","london","beijing","ioc"]	0	[]
756453025439375360	DTN Singapore: Japanese operators confident of winning bid to develop KL-Singapore High-Speed Rail: The Shink... https://t.co/MlYaBooIJC	1.0	0.0	0.0	["operators","dtn singapore","bid","high-speed rail"]	0	[]
756453026173300736	DTN Singapore: PUB officer charged with cheating: Mohamed Sa’ad Mohamed Ali allegedly misled his colleagues i... https://t.co/EXE2cOaV6J	0.0	1.0	0.0	["mohamed saad mohamed ali","pub officer","colleagues","dtn singapore","cheating"]	0	[]
756453026290860032	Liverpool sign veteran goalkeeper Manninger https://t.co/BfDBCJY9M6	0.0	0.0	0.0	["liverpool sign veteran goalkeeper manninger"]	0	[]
756453027960193024	Libyan forces claim gains in fierce fighting against IS in Sirte https://t.co/fME7qrh0kM	0.0	0.0	0.0	["fig","forces","gains"]	0	[]
756453029814165504	France to send heavy weapons to Iraq - Hollande https://t.co/pEyAkc0nsf	0.0	0.0	0.0	["iraq","france","weapons"]	0	[]
756453030338310144	NewsInSG: PUB officer charged with cheating: Mohamed Sa’ad Mohamed Ali allegedly misled his collea... https://t.co/bj0epZH8kF #Singapore	0.0	1.0	0.0	["newsinsg","singapore","mohamed saad mohamed ali","pub officer","collea","cheating"]	0	[]
756453032280326148	Former Bosnian Serb leader Karadzic appeals genocide conviction https://t.co/jLAJ2u8Pha	0.0	1.0	0.0	["bosnian serb leader karadzic appeals genocide conviction"]	0	[]
756453032355696640	PUB officer charged with cheating: Mohamed Sa’ad Mohamed Ali allegedly misled his colleagues into approving p... https://t.co/KvkQvrPafd	0.0	1.0	0.0	["mohamed saad mohamed ali","pub officer","colleagues","cheating","approving"]	0	[]
756453035241459712	PUB officer charged with cheating: Mohamed Sa’ad Mohamed Ali allegedly misled his colleagues into approving p... https://t.co/ZQ3XyIFYVd	0.0	1.0	0.0	["mohamed saad mohamed ali","pub officer","colleagues","cheating","approving"]	0	[]
756453055403397121	IS-linked newspaper Al Fatihin to be prohibited in Singapore https://t.co/9rnhjBD7Al	0.0	0.0	0.0	["newspaper al fatihin","singapore"]	0	[]
756453061980061696	Japanese operators confident of winning bid to develop KL-Singapore High-Speed Rail https://t.co/Sq3jtHrChO	1.0	0.0	0.0	["operators","bid","high-speed rail"]	0	[]
756453071257870336	PUB officer charged with cheating https://t.co/8dWG1OnWQS	0.0	1.0	0.0	["pub officer","cheating"]	0	[]
756453091315060736	RT @ChannelNewsAsia: By George, Britain's little prince is 3! https://t.co/0DDDv6xLyW (??: @KensingtonRoyal) https://t.co/q2hGv19XBd	0.0	0.0	0.0	["george","prince"]	0	[]
756453258969747456	NEWS: France to send heavy weapons to Iraq - Hollande https://t.co/qDpBtBIdwf https://t.co/NK9831mssu	0.0	0.0	0.0	["news","iraq","france","weapons"]	0	[]
756453264476868608	PUB officer charged with cheating https://t.co/lR5wAvI19K	0.0	1.0	0.0	["pub officer","cheating"]	0	[]
756453265164820480	NEWS: Former Bosnian Serb leader Karadzic appeals genocide conviction https://t.co/OpUzBu166h https://t.co/mgcMbis70o	0.0	1.0	0.0	["news","bosnian serb leader karadzic appeals genocide conviction"]	0	[]
756453266674724864	France to send heavy weapons to Iraq - Hollande https://t.co/yeXNnhpsqT	0.0	0.0	0.0	["iraq","france","weapons"]	0	[]
756453268457332736	Former Bosnian Serb leader Karadzic appeals genocide conviction https://t.co/Xx1ZEfRk5X	0.0	1.0	0.0	["bosnian serb leader karadzic appeals genocide conviction"]	0	[]
756453842238058497	Yes please https://t.co/se6LN3lrcm	0.0	0.0	0.0	[]	0	[]
756453878435028992	RT @AdanamTech: Ex-Google engineer launches blockchain-based system for banks https://t.co/evX0dDyQM9	0.0	0.0	0.0	["engineer launches","system","banks"]	0	[]
756453997045841924	Now in Asia: Global stocks fall, UK PMIs flash Brexit recession warning https://t.co/g08BFseLXt	0.0	0.0	0.0	["asia","uk pmis flash brexit recession warning","stocks"]	0	[]
756454151618371584	RT @ChannelNewsAsia: Japanese Shinkansen operators confident of winning bid to develop KL-Singapore #HSR https://t.co/UBzfTElYZM https://t.…	0.0	0.0	0.0	["hsr","shinkansen operators","bid"]	0	[]
756454156261396480	RT @chelle_yesudas: seriously malu sampai nak nangis. this is literally the swiss saying "this is why you cant have our nice things" https:…	0.0	0.0	0.0	["things","nak nangis"]	0	[]
756454534646562820	Just Happened in Asia: Global stocks fall, UK PMIs flash Brexit recession warning https://t.co/g08BFseLXt	0.0	0.0	0.0	["asia","uk pmis flash brexit recession warning","stocks"]	0	[]
756454558121988096	45 new doping failures from Beijing, London Olympics: IOC https://t.co/SFr4IlnjZO	0.0	0.0	1.0	["doping failures","london olympics","beijing"]	0	[]
756454561225859072	New pictures released as Britain's Prince George marks 3rd birthday https://t.co/0x9yf8IpeX	0.0	0.0	0.0	["prince george","birthday","pictures"]	0	[]
756454562886782977	PUB officer charged with cheating https://t.co/fhw2EPMS9K	0.0	1.0	0.0	["pub officer","cheating"]	0	[]
756454564421853184	IOC announces 45 failed tests from Beijing and London https://t.co/IpwGuYjlUt	0.0	0.0	0.0	["tests","london","beijing","ioc"]	0	[]
756454566107967488	Liverpool sign veteran goalkeeper Manninger https://t.co/VOofenYOV6	0.0	0.0	0.0	["liverpool sign veteran goalkeeper manninger"]	0	[]
756454567659900928	Libyan forces claim gains in fierce fighting against IS in Sirte https://t.co/BJqpVbG6W5	0.0	0.0	0.0	["fig","forces","gains"]	0	[]
756454569689964544	France to send heavy weapons to Iraq - Hollande https://t.co/FFQD3eXe9K	0.0	0.0	0.0	["iraq","france","weapons"]	0	[]
756454571908751360	Former Bosnian Serb leader Karadzic appeals genocide conviction https://t.co/zpzQIw0al4	0.0	1.0	0.0	["bosnian serb leader karadzic appeals genocide conviction"]	0	[]
756454580859174912	Former Bosnian Serb leader Karadzic appeals genocide conviction: AMSTERDAM: The former Bosnian Serb leader Ra... https://t.co/iAuZHLIyt1	0.0	1.0	0.0	["leader bosnian serb ra","bosnian serb leader karadzic appeals genocide conviction"]	0	[]
756454885797797888	45 new doping failures from Beijing, London Olympics: IOC https://t.co/yWbEEIq9vj	0.0	0.0	1.0	["doping failures","london olympics","beijing"]	0	[]
756454887697833984	New pictures released as Britain's Prince George marks 3rd birthday https://t.co/wAN1dEXgUv	0.0	0.0	0.0	["prince george","birthday","pictures"]	0	[]
756454888922636288	PUB officer charged with cheating https://t.co/wJVPEnSvbU	0.0	1.0	0.0	["pub officer","cheating"]	0	[]
756454890050818048	IOC announces 45 failed tests from Beijing and London https://t.co/kkD4HwAQ9s	0.0	0.0	0.0	["tests","london","beijing","ioc"]	0	[]
756454891124654080	Liverpool sign veteran goalkeeper Manninger https://t.co/FmDKQAF8RY	0.0	0.0	0.0	["liverpool sign veteran goalkeeper manninger"]	0	[]
756454892689100806	Libyan forces claim gains in fierce fighting against IS in Sirte https://t.co/C8FiQTn5qA	0.0	0.0	0.0	["fig","forces","gains"]	0	[]
756454893792157696	France to send heavy weapons to Iraq - Hollande https://t.co/Nvc29oAdQa	0.0	0.0	0.0	["iraq","france","weapons"]	0	[]
756454894819835904	Former Bosnian Serb leader Karadzic appeals genocide conviction https://t.co/ghoWiWbQQH	0.0	1.0	0.0	["bosnian serb leader karadzic appeals genocide conviction"]	0	[]
756455286353698816	#OpenFollow Japanese operators confident of winning bid to develop KL-Singapore High-Speed Rail -… https://t.co/rj0uRJMOwc #Singapore	1.0	0.0	0.0	["openfollow operators","singapore","bid","high-speed rail"]	0	[]
756455336727285762	#OpenFollow Japanese operators confident of winning bid to develop KL-Singapore High-Speed Rail -… https://t.co/YmRNe9LtmX #Singapore	1.0	0.0	0.0	["openfollow operators","singapore","bid","high-speed rail"]	0	[]
756455437118177280	45 new doping failures from Beijing, London Olympics: IOC https://t.co/KJviAPZ664	0.0	0.0	1.0	["doping failures","london olympics","beijing"]	0	[]
756455437873082368	IOC announces 45 failed tests from Beijing and London https://t.co/cM2BhME08G	0.0	0.0	0.0	["tests","london","beijing","ioc"]	0	[]
756455439055872000	Liverpool sign veteran goalkeeper Manninger https://t.co/l8mtOIecbW	0.0	0.0	0.0	["liverpool sign veteran goalkeeper manninger"]	0	[]
756455439932555264	Libyan forces claim gains in fierce fighting against IS in Sirte https://t.co/zR5ZFxfuBx	0.0	0.0	0.0	["fig","forces","gains"]	0	[]
756455440679112704	PUB officer charged with cheating https://t.co/y04kTzIlz8	0.0	1.0	0.0	["pub officer","cheating"]	0	[]
756455441287315456	France to send heavy weapons to Iraq - Hollande https://t.co/PKDlylvsz0	0.0	0.0	0.0	["iraq","france","weapons"]	0	[]
756455441937403904	Former Bosnian Serb leader Karadzic appeals genocide conviction https://t.co/VJrkBbctVN	0.0	1.0	0.0	["bosnian serb leader karadzic appeals genocide conviction"]	0	[]
756455708124667904	@SteveLaiCNA @SimonMarksFSN @primetimeasia @ChannelNewsAsia presumably the Hispanic, Muslim, female and Gay voters	0.0	0.0	1.0	["voters"]	0	[]
756455800877350912	Apple to open first Apple Store in Taiwan - Channel NewsAsia https://t.co/aAbqvr1YyF	0.0	0.0	0.0	["apple","taiwan","apple store","channel newsasia"]	0	[]
756455819147825153	Apple to open first Apple Store in Taiwan - Channel NewsAsia https://t.co/iNnTKRcPOP	0.0	0.0	0.0	["apple","taiwan","apple store","channel newsasia"]	0	[]
756455881424904192	RT @AdanamTech: Ex-Google engineer launches blockchain-based system for banks https://t.co/evX0dDyQM9	0.0	0.0	0.0	["engineer launches","system","banks"]	0	[]
756455925053923328	RT @ChannelNewsAsia: FIVE ON FRIDAY: Why @GenevieveLohCNA thinks you should watch Boo Junfeng’s Apprentice https://t.co/YKPvEh1bIg https://…	0.0	0.0	0.0	["boo junfeng","friday","apprentice"]	0	[]
756455979269496832	RT @ChannelNewsAsia: ICA seizes more than 3,000 cartons of duty-unpaid cigarettes from 3 vehicles at Woodlands https://t.co/QA7ZDMS22j http…	0.0	0.0	1.0	["woodlands","ica","duty-unpaid cigarettes","vehicles","cartons"]	0	[]
756456042729398272	dlvr -  New pictures released as Britain's Prince George marks 3rd birthday https://t.co/OqaU0m8Ghx	0.0	0.0	0.0	["prince george","birthday","dlvr","pictures"]	0	[]
756456046806179840	dlvr -  45 new doping failures from Beijing, London Olympics: IOC https://t.co/aMNiBBIWyc	0.0	0.0	1.0	["doping failures","london olympics","olympics","beijing"]	0	[]
756456049821884416	dlvr -  IOC announces 45 failed tests from Beijing and London https://t.co/FzsRVpwsrO	0.0	0.0	0.0	["tests","london","beijing","ioc"]	0	[]
756456052455907330	dlvr -  Liverpool sign veteran goalkeeper Manninger https://t.co/RXE857C3Gm	0.0	0.0	0.0	["dlvr","liverpool sign veteran goalkeeper manninger"]	0	[]
756456057593995264	dlvr -  Libyan forces claim gains in fierce fighting against IS in Sirte https://t.co/00DLGSYMEs	0.0	0.0	0.0	["fig","forces","dlvr","gains"]	0	[]
756456066838175744	dlvr -  PUB officer charged with cheating https://t.co/7zmuC68EmM	0.0	1.0	0.0	["pub officer","cheating"]	0	[]
756456070654988288	dlvr -  France to send heavy weapons to Iraq - Hollande https://t.co/VvGCQjeX1a	0.0	0.0	0.0	["iraq","france","dlvr","weapons"]	0	[]
756456073653915648	dlvr -  Former Bosnian Serb leader Karadzic appeals genocide conviction https://t.co/6etBtWtxSX	0.0	1.0	0.0	["bosnian serb leader karadzic appeals genocide conviction","dlvr"]	0	[]
756456185750925312	France to send heavy weapons to Iraq - Hollande https://t.co/lEeACEPjBV	0.0	0.0	0.0	["iraq","france","weapons"]	0	[]
756456187793596416	Former Bosnian Serb leader Karadzic appeals genocide conviction https://t.co/dNtnW2QDUC	0.0	1.0	0.0	["bosnian serb leader karadzic appeals genocide conviction"]	0	[]
756456197444763649	Libyan forces claim gains in fierce fighting against IS in Sirte https://t.co/R0LjVgFwgB	0.0	0.0	0.0	["fig","forces","gains"]	0	[]
756456216147202048	Liverpool sign veteran goalkeeper Manninger https://t.co/fsxDkBeDhj	0.0	0.0	0.0	["liverpool sign veteran goalkeeper manninger"]	0	[]
756456284745035781	New pictures released as Britain's Prince George marks 3rd birthday https://t.co/C00Z0fHi90	0.0	0.0	0.0	["prince george","birthday","pictures"]	0	[]
756456297617321984	France to send heavy weapons to Iraq - Hollande https://t.co/95vyOgAAYh	0.0	0.0	0.0	["iraq","france","weapons"]	0	[]
756456300989513728	Former Bosnian Serb leader Karadzic appeals genocide conviction https://t.co/HnVwcZ11gf	0.0	1.0	0.0	["bosnian serb leader karadzic appeals genocide conviction"]	0	[]
756456588672507904	Karadzic appeals 40-year genocide sentence https://t.co/Cj6hIdiY9a	1.0	0.0	0.0	["appeals genocide sentence"]	0	[]
756456733573132288	RT @MediShield15: PAP @VivianBala, you'd better stop playing with Java & work harder to promote the economy of #Singapore & ASEAN! https://…	1.0	0.0	0.0	["singapore","playing","economy","asean"]	0	[]
756456855954530304	Queen Elizabeth's dresses on show to mark 90th birthday https://t.co/q91c5Q5fdi	0.0	0.0	0.0	["birthday","show","dresses","queen elizabeth"]	0	[]
756456863437205504	RT @MediShield15: Gan Kim Yong, this doesn't justify you from stealing $300-700 from each #Medisave on 9Aug2015= amount to $Billions! https…	0.0	0.0	0.0	["billions","9aug2015 amount","gan kim yong","medisave"]	0	[]
756456865186185216	DTN Singapore: Nobody cares my career will be ruined, says Russia's Shubenkov: Sergey Shubenkov, the 110m hur... https://t.co/2LQ8kR3Tk5	0.0	0.0	0.0	["110m hur","career","dtn singapore","shubenkov","sergey shubenkov"]	0	[]
756456866385842180	DTN Singapore: Rashid ignored, England bat against Pakistan at Old Trafford: England captain Alastair Cook wo... https://t.co/OSuJDFh4FY	0.0	0.0	0.0	["captain alastair england cook","old trafford","dtn singapore","pakistan","rashid","england bat"]	0	[]
756456868927541248	DTN Singapore: 45 new doping failures from Beijing, London Olympics: IOC: "Reanalysis of the second wave of s... https://t.co/Y54QB8qSKr	0.0	0.0	1.0	["doping failures","london olympics","dtn singapore","olympics","beijing","wave"]	0	[]
756456869674168320	DTN Singapore: IOC announces 45 failed tests from Beijing and London: Forty-five athletes have failed dope te... https://t.co/DbHFD1h3D6	0.0	1.0	0.0	["dope te","tests","london","dtn singapore","athletes","beijing","ioc"]	0	[]
756456870668226560	DTN Singapore: Liverpool sign veteran goalkeeper Manninger: Liverpool have signed veteran goalkeeper Alex Man... https://t.co/rQD2OS1zzY	0.0	0.0	1.0	["dtn singapore","goalkeeper alex man","liverpool sign veteran goalkeeper manninger","liverpool"]	0	[]
756457035021950977	110 suspected drug offenders rounded up by CNB in 11-day crackdown https://t.co/nVXgPfwzVD https://t.co/N8Lv1YdLjJ	0.0	0.0	1.0	["crackdown","cnb","drug offenders"]	0	[]
756457037978927104	Zimbabwe war veterans turn on 'dictator' Mugabe, exposing rifts https://t.co/W0J3to3b9T umm.. smells like the empire.	0.0	1.0	0.0	["rifts umm","dictator mugabe","empire","zimbabwe war veterans"]	0	[]
756457044769583104	RT @MediShield15: Really care? PAP, your #MediShieldLife is now 24/7 trying to have "Demand Note, Fine, Suit & Jail" impose on them!  https…	0.0	0.5	0.5	["fine","demand note","jail","suit","pap"]	0	[]
756457197932904449	Man arrested for producing counterfeit S$50 and S$100 notes https://t.co/51XPEBeG0x #Singapore	0.0	0.0	0.0	["notes","man"]	0	[]
756457256019894272	RT @MediShield15: #Balakrishnan, stop hiding at home & play Java! You should make #Singapore top destination for investors instead! https:/…	0.0	0.99	0.0	["play","hiding","singapore destination","investors","home"]	0	[]
756457283937198080	RT @MediShield15: You decide if @leehsienloong is corrupted! $300-700 stolen from each #Medisave A/c on #SG50 (#MSH)!Unknown Coverage! http…	0.0	0.0	0.0	["coverage","medisave ac","sg  msh "]	0	[]
756457320612147204	110 suspected drug offenders rounded up by CNB https://t.co/CMIZuyGh6l	0.0	0.0	1.0	["cnb","drug offenders"]	0	[]
756457452447510528	RT @ChannelNewsAsia: Hawkers in Singapore taste #MichelinStar fame https://t.co/bxMoARecjr #michelinguidesg https://t.co/2wVyrMA9Tc	0.0	0.0	0.0	["singapore","hawkers","fame michelinguidesg"]	0	[]
756457527039057924	Blood, sweat and tears fuel a Belarussian gymnast's Olympic dream https://t.co/wnCNe2fccn	0.0	0.0	1.0	["tears","sweat","olympic dream","belarussian gymnast","blood"]	0	[]
756457660468244481	IS-linked newspaper Al Fatihin to be prohibited in Singapore  Looks like a good rule to have. https://t.co/xo0K24bes7	1.0	0.0	0.0	["newspaper al fatihin","singapore","looks","rule"]	0	[]
756457670744301569	Commentary: Why China must charm ASEAN again https://t.co/Bcc9IYLfaU	1.0	0.0	0.0	["china","charm asean","commentary"]	0	[]
756458045006225408	Trump launches Clinton election showdown https://t.co/5svs4HHTW6	1.0	0.0	0.0	["trump","clinton election showdown"]	0	[]
756458118674980864	RT @ChannelNewsAsia: 110 suspected drug offenders rounded up by CNB in 11-day crackdown https://t.co/nVXgPfwzVD https://t.co/N8Lv1YdLjJ	0.0	0.0	1.0	["crackdown","cnb","drug offenders"]	0	[]
756458160215298048	RT @LoveSpore1965: .@mediacorp .@ChannelNewsAsia .@ch8newsSG Can you please arrange Margaret Lim on TV, we want to see her face.Thanks. htt…	0.0	0.0	0.0	["face","margaret lim"]	0	[]
756458342789152768	South China Sea showdown, joint communique or no? ASEAN foreign ministers gather in Vientiane post-Hague ruling https://t.co/AOrF5xZEvS	0.0	0.0	1.0	["south china sea showdown","vientiane ruling","communique","asean foreign ministers"]	0	[]
756458451581095936	RT @ChannelNewsAsia: Those caught possessing, distributing IS-linked Al Fatihin paper in S'pore risk jail/fine https://t.co/818PSvJhBd http…	0.0	0.0	0.0	[]	0	[]
756458525241450496	RT @ChannelNewsAsia: Hawkers in Singapore taste #MichelinStar fame https://t.co/bxMoARecjr #michelinguidesg https://t.co/2wVyrMA9Tc	0.0	0.0	0.0	["singapore","hawkers","fame michelinguidesg"]	0	[]
756458528307544064	Swiss seize van Gogh, Monet paintings in 1MDB case. https://t.co/PrMQTVDPGk	0.0	0.0	1.0	["1mdb case","monet paintings","van gogh","swiss"]	0	[]
756458529465180160	RT @mikeflache: From reel to real life: Star Trek tech that could turn into reality https://t.co/r6bvVzzr2o #technology #tech #innovation	0.0	0.0	0.0	["star trek tech","reality technology tech innovation","life","reel"]	0	[]
756458586264526848	ChannelNewsAsia: 110 suspected drug offenders rounded up by CNB in 11-day crackdown https://t.co/XptuyECakw https://t.co/w55fDVMlCv	0.0	0.0	1.0	["crackdown","channelnewsasia","cnb","drug offenders"]	0	[]
756458691289755648	RT @ChannelNewsAsia: 110 suspected drug offenders rounded up by CNB in 11-day crackdown https://t.co/nVXgPfwzVD https://t.co/N8Lv1YdLjJ	0.0	0.0	1.0	["crackdown","cnb","drug offenders"]	0	[]
756458764312596480	RT @ChannelNewsAsia: 110 suspected drug offenders rounded up by CNB in 11-day crackdown https://t.co/nVXgPfwzVD https://t.co/N8Lv1YdLjJ	0.0	0.0	1.0	["crackdown","cnb","drug offenders"]	0	[]
756459051643342848	Britain's economy wilting fast after Brexit vote, may prompt more spending: Britain's economy is shrinking, t... https://t.co/DXdiw4vaGO	1.0	0.0	0.0	["wilting","spending","economy","vote"]	0	[]
756459053434347520	GE profit beats estimates despite slow, volatile economy: General Electric Co  on Friday reported a sharp ris... https://t.co/jRhvyjVG1y	0.0	1.0	0.0	["ge profit","friday","economy","ris","general electric co","estimates"]	0	[]
756459057062350849	#singapore #news Britain's economy wilting fast after Brexit vote, may prompt more spending: Britai... https://t.co/vU3jwgV7iV #business	1.0	0.0	0.0	["wilting","spending","business","vote","singapore news britain"]	0	[]
756459057846755329	#singapore #news GE profit beats estimates despite slow, volatile economy: General Electric Co  on ... https://t.co/lJuyv5GCRZ #business	0.0	1.0	0.0	["singapore news ge profit","business","economy","general electric co","estimates"]	0	[]
756459064909889537	DTN Singapore: Britain's economy wilting fast after Brexit vote, may prompt more spending: Britain's economy ... https://t.co/SbzVXpILkP	1.0	0.0	0.0	["spending","dtn singapore","vote"]	0	[]
756459138172026881	https://t.co/gsMwtbsIbD Long queues at Michelin-starred hawker stalls	0.0	0.0	0.0	["queues","hawker"]	0	[]
756459222364151808	RT @ChannelNewsAsia: JUST IN: #DonaldTrump formally accepts Republican nomination to become President of the US https://t.co/oGJp072Qsb htt…	0.0	0.0	0.0	["donaldtrump","nomination","president"]	0	[]
756459515432828942	Man arrested for producing counterfeit S$50 and S$100 notes - Channel NewsAsia https://t.co/BFmpZPU9SZ #sgbreaking… https://t.co/rUDy6jY211	0.0	0.0	0.0	["channel newsasia sgbreaking","100 notes","man"]	0	[]
756459908011290624	110 suspected drug offenders rounded up by CNB https://t.co/e7XVaOy1j1	0.0	0.0	1.0	["cnb","drug offenders"]	0	[]
756459910850904064	Man arrested for producing counterfeit S$50 and S$100 notes https://t.co/7J1QBOJu5M	0.0	0.0	0.0	["man"]	0	[]
756459913530970113	Trump launches Clinton election showdown https://t.co/zwSz2a8Adj	1.0	0.0	0.0	["trump","clinton election showdown"]	0	[]
756459993595981824	Singapore signs deal to help develop Sri Lanka's Western Region https://t.co/dFMrI7P8f7	0.0	0.0	0.0	["sri lanka","singapore signs","region"]	0	[]
756459997815529472	110 suspected drug offenders rounded up by CNB https://t.co/JuHMK9JRuX	0.0	0.0	1.0	["cnb","drug offenders"]	0	[]
756460000344698880	Man arrested for producing counterfeit S$50 and S$100 notes https://t.co/rmlauB3fZX	0.0	0.0	0.0	["man"]	0	[]
756460038563082240	Good Job ?????? https://t.co/wWOp7itiGK	0.0	0.0	0.0	["job"]	0	[]
756460069726715905	Trump launches Clinton election showdown https://t.co/lyfSc4kXdQ https://t.co/6ktI8eOv3q	1.0	0.0	0.0	["trump","clinton election showdown"]	0	[]
756460080929701888	Zimbabwe war veterans turn on 'dictator' Mugabe, exposing rifts https://t.co/yoV2B6u4O8 https://t.co/XN2ByecTRK	0.0	1.0	0.0	["dictator mugabe","rifts","zimbabwe war veterans"]	0	[]
